,Dataset,Model,Fold,R2_score_train,MAE_score_train,RMSE_score_train,R2_score_test,MAE_score_test,RMSE_score_test,rho_score_train,rho_score_test,nun_zero_coefs,Compression_methd,param,datse_size
620,IF1 ECOLI,Lasso,1,0.6919612181945549,0.1151000885328382,0.1582938282088336,0.5340484900820168,0.1333472213732313,0.1818346956378237,0.678169755190466,0.6344935959850911,113,mean,150M,1439
621,IF1 ECOLI,Lasso,2,0.4068604979108784,0.1546178092784482,0.2162301612109761,0.3999722432729956,0.1595838043487593,0.2208552117927781,0.5604149852578124,0.5701220638082504,28,mean,150M,1439
622,IF1 ECOLI,Lasso,3,0.4068834580929961,0.1507534587808005,0.2121981984665248,0.4333346955051587,0.1588109430328942,0.2284247603194008,0.5649636422053027,0.5914134003663889,33,mean,150M,1439
623,IF1 ECOLI,Lasso,4,0.5474526149922201,0.1366129428805076,0.1912943700046021,0.3727072982557169,0.1503230531937198,0.2142012001421308,0.6073091798276158,0.573935951434805,54,mean,150M,1439
624,IF1 ECOLI,Lasso,5,0.6060301650189065,0.127437406181902,0.1770781594149059,0.5900598922413759,0.1294534625309269,0.1789945668735331,0.6475213970408298,0.581756274185047,75,mean,150M,1439
880,RL401 2013,Lasso,1,0.7847197494380046,0.1102060898736192,0.1532353767014311,0.6195770469016708,0.1552788401119352,0.2312087513427891,0.8411678641518536,0.7963321180657957,222,mean,150M,1269
881,RL401 2013,Lasso,2,0.3787694729432369,0.2092721218739824,0.2698533163935945,0.3142945883215302,0.210082773592059,0.2756618254208593,0.6157379869277431,0.5499037196527065,22,mean,150M,1269
882,RL401 2013,Lasso,3,0.7646858627734805,0.1215722780298129,0.1686234300082336,0.5754611239597205,0.1507134229179442,0.2006208253838221,0.8414195008715487,0.7344528578729561,177,mean,150M,1269
883,RL401 2013,Lasso,4,0.6897181461493833,0.1360653826098136,0.1916684277213524,0.5654610946046184,0.1547324000850437,0.2146876691428087,0.8056432179321216,0.7787976675452019,118,mean,150M,1269
884,RL401 2013,Lasso,5,0.6916420622695837,0.1335852717209284,0.1875545745427313,0.5965097320696306,0.1587800849332168,0.2231119766032681,0.8201398273088678,0.7443864023616246,120,mean,150M,1269
1065,PABP singles,Lasso,1,0.6386338078586455,0.1726730295199344,0.2202486786481513,0.5503961047629932,0.1918237760616487,0.2379195470785148,0.7758992689517087,0.7257619984703131,66,mean,150M,1187
1066,PABP singles,Lasso,2,0.6561528907387428,0.1699908488450487,0.2098986204362462,0.5723799900515236,0.1826903903358939,0.2534280133514898,0.7761676167580253,0.7725446221435334,71,mean,150M,1187
1067,PABP singles,Lasso,3,0.6230853150382074,0.1735587428559109,0.2211952483736618,0.5883896759605866,0.1940444783565712,0.2408236931863282,0.7673332364141408,0.7893498527924364,63,mean,150M,1187
1068,PABP singles,Lasso,4,0.6455923945232089,0.1730462278003078,0.2195426727005627,0.5817613540240445,0.1800833249233274,0.2226727381606492,0.7861115640639449,0.7082414600682582,66,mean,150M,1187
1069,PABP singles,Lasso,5,0.6275177950590551,0.1762581824249668,0.2240308189266953,0.5831354814354626,0.1854398214702363,0.226764224676733,0.777273426527315,0.690726193931767,61,mean,150M,1187
1285,HSP82 YEAST,Lasso,1,0.5883713872520931,0.1550248364310277,0.2252420313369311,0.5680185699692648,0.1546432649403853,0.226909244862161,0.5671430537342759,0.5333431332615132,100,mean,150M,4543
1286,HSP82 YEAST,Lasso,2,0.630978418342546,0.1442432186059956,0.2118145723347498,0.6168880757474916,0.1535844828516792,0.2195973189085544,0.5894596736529716,0.5568719667216966,154,mean,150M,4543
1287,HSP82 YEAST,Lasso,3,0.6082446839589414,0.1490391714381904,0.2179645838770411,0.5869876077403373,0.1606338834584778,0.2292149467242522,0.572074672373508,0.5685633771155584,119,mean,150M,4543
1288,HSP82 YEAST,Lasso,4,0.6255696753987197,0.1470793286566162,0.2127156352157411,0.5601865445366477,0.1559844544814017,0.2380650943916758,0.5742263881873834,0.5798076609718216,133,mean,150M,4543
1289,HSP82 YEAST,Lasso,5,0.6152101992621997,0.1503517453261331,0.219606995529763,0.5715662675210202,0.148048858385457,0.2179278699473809,0.5785939696528103,0.555658249094575,131,mean,150M,4543
1430,DLG4 RAT,Lasso,1,0.5716944749197062,0.1750447243159999,0.258063782199602,0.5690146533137861,0.1833074676436852,0.2705876644151619,0.6444583589696857,0.6684008928320816,71,mean,150M,1659
1431,DLG4 RAT,Lasso,2,0.5676023707453319,0.1750848168380269,0.2575516787956161,0.5573786266306981,0.1922579885429197,0.2804114649426178,0.6448948715499606,0.6512177564292256,69,mean,150M,1659
1432,DLG4 RAT,Lasso,3,0.505382801179789,0.1925085296349579,0.2838363031846613,0.4640399747891829,0.1895904305498267,0.2733987231333724,0.6083782505561711,0.5568692555301655,45,mean,150M,1659
1433,DLG4 RAT,Lasso,4,0.6018307201364856,0.1684688012645335,0.247247963699545,0.5246753893405653,0.1913737156427073,0.2902159270943377,0.6613106408748937,0.6300841814935425,74,mean,150M,1659
1434,DLG4 RAT,Lasso,5,0.6252420340823794,0.1730232883218541,0.2497916898050712,0.4356953225146842,0.1791015944516512,0.2654862945369787,0.6785482883639329,0.6044790611340395,85,mean,150M,1659
1885,TIM THETH,Lasso,1,0.5890555695741897,0.3130620939943994,0.3841254318393403,0.5637132252176759,0.3383790440786452,0.415841915872116,0.7689980163102488,0.7614750640142048,85,mean,150M,1519
1886,TIM THETH,Lasso,2,0.6299800663464459,0.2981070768659078,0.3696369465101764,0.5258000690784181,0.3290259362021994,0.411745287182363,0.791999393982689,0.7170809930335377,103,mean,150M,1519
1887,TIM THETH,Lasso,3,0.6346053299398037,0.2988447990543109,0.3692636832427278,0.452626505261819,0.3446313678598318,0.4319808964279171,0.7958082775040237,0.6363000709044158,90,mean,150M,1519
1888,TIM THETH,Lasso,4,0.618163123956535,0.3043582065083255,0.3764339696368196,0.5510642864463208,0.3220411645551536,0.3978154876593713,0.7849326953135523,0.7524850716305453,105,mean,150M,1519
1889,TIM THETH,Lasso,5,0.6260371930010911,0.2967343393500746,0.3690132624615726,0.5536581400091725,0.3388956016789504,0.4119531288468492,0.7829063221919739,0.7629650687271585,103,mean,150M,1519
2245,RASH HUMAN,Lasso,1,0.5668801418682268,0.1441541733216959,0.2009446622210234,0.5289924056671185,0.1529538587501977,0.2032410521295803,0.7673469542900822,0.7050971090025198,129,mean,150M,3134
2246,RASH HUMAN,Lasso,2,0.5655099909363868,0.143332369680241,0.2002901985539251,0.5533715315666726,0.1518981797845069,0.2020091144945035,0.7669215131749028,0.728100488887119,141,mean,150M,3134
2247,RASH HUMAN,Lasso,3,0.5819305293174084,0.1442997205551095,0.1935325497591523,0.4546200429901462,0.155710940998478,0.2362558814286838,0.7588358297154028,0.7190400944689089,127,mean,150M,3134
2248,RASH HUMAN,Lasso,4,0.5370967902991532,0.1488425233853756,0.2080187563469275,0.5147724713096744,0.1575127730029339,0.2051810893018256,0.746477868322824,0.7117024548732878,116,mean,150M,3134
2249,RASH HUMAN,Lasso,5,0.4483397240873458,0.1664371731573657,0.2253717690874496,0.4218296112191827,0.167184564908737,0.231048801531977,0.6821764727047442,0.6894734518550224,56,mean,150M,3134
2370,PABP doubles,Lasso,1,0.7588910665270551,0.1499329569060136,0.1923762457233427,0.7453933157342236,0.1522809868164463,0.1971391234694441,0.8996151669109455,0.8923203652231146,475,mean,150M,36521
2371,PABP doubles,Lasso,2,0.7580032695967933,0.14978089769688,0.1923882523510712,0.7494489310686738,0.1531280375403657,0.1968944885101403,0.8995815603934952,0.892235689949558,468,mean,150M,36521
2372,PABP doubles,Lasso,3,0.7568987879620697,0.1504425807193533,0.1926001844259276,0.753207453185192,0.1508122506328565,0.1963564516333289,0.8986676852598003,0.8995953034356003,469,mean,150M,36521
2373,PABP doubles,Lasso,4,0.758307899002006,0.149768171548437,0.1928413573547054,0.7482808198058142,0.1535009345740687,0.1950361931755106,0.8980278271500327,0.8988337025011708,483,mean,150M,36521
2374,PABP doubles,Lasso,5,0.7581303680716303,0.1500309597425391,0.192816377086099,0.7492406308817723,0.1524439445080657,0.1950760065756291,0.8991106751412679,0.8924141027878526,471,mean,150M,36521
2455,BLAT ECOLX 2015,Lasso,1,0.689008626809311,0.5150244174108377,0.6414892182900426,0.6527082142719295,0.5484347471378733,0.6812391767503201,0.8321024417873887,0.814277177475052,212,mean,150M,4996
2456,BLAT ECOLX 2015,Lasso,2,0.672079948097177,0.5298404977103119,0.6621595975658252,0.6070571134827731,0.5716517814421431,0.7097040065480386,0.8241965381848997,0.7944188005720849,179,mean,150M,4996
2457,BLAT ECOLX 2015,Lasso,3,0.6863366786796024,0.5158449705298954,0.6444699948909153,0.6432187790314001,0.5512393563694247,0.689667517311354,0.8333427352093256,0.8068818178965085,215,mean,150M,4996
2458,BLAT ECOLX 2015,Lasso,4,0.6437430544717384,0.5584803741113792,0.6890849236212562,0.6287050124808946,0.5570941993309079,0.6940666881356243,0.8125698108164721,0.7932690963469954,159,mean,150M,4996
2459,BLAT ECOLX 2015,Lasso,5,0.6905242645011502,0.5098234098607084,0.6373466706942521,0.6532281494232611,0.5517021149381176,0.6910258649581066,0.8339693980770909,0.8129746112468567,218,mean,150M,4996
2620,RL401 2014,Lasso,1,0.6043575511349031,0.1850467641251843,0.2589083211889779,0.5715053607284291,0.1846271207440605,0.2498092159467418,0.7220445941824908,0.7308742199818345,83,mean,150M,1435
2621,RL401 2014,Lasso,2,0.7750752723268183,0.1391494616461132,0.1942418697083372,0.6084095794292195,0.1598352990499357,0.2436864050214729,0.7733866223051579,0.66151308254413,190,mean,150M,1435
2622,RL401 2014,Lasso,3,0.6256540023479102,0.1773769955360411,0.2490012123062576,0.5244485883023924,0.2049367726129521,0.2767596316359055,0.7299325395147219,0.6897412684450068,88,mean,150M,1435
2623,RL401 2014,Lasso,4,0.6119371110112288,0.1784661739181973,0.2484877700551778,0.5351648867137823,0.208633010337577,0.2948079783443658,0.7308189002654336,0.6758837802808357,85,mean,150M,1435
2624,RL401 2014,Lasso,5,0.5796652620686478,0.1871249470363926,0.2605904012419685,0.5820144104320346,0.2003898612215128,0.2715659913829484,0.7146961586667826,0.7415688072838118,79,mean,150M,1435
2830,BLAT ECOLX 2015,Lasso,1,0.526773274002603,0.6630994131461517,0.7913157729319511,0.5147179269631851,0.6686811927727522,0.8052847668976216,0.750052814945423,0.7418940108513251,75,mean,650M,4996
2831,BLAT ECOLX 2015,Lasso,2,0.6685071624597603,0.5398574989780143,0.6657570373310745,0.6179648684528761,0.5743074529707275,0.6997842964483044,0.8285278721343807,0.8051508029661124,196,mean,650M,4996
2832,BLAT ECOLX 2015,Lasso,3,0.5397702067192293,0.6499155368781717,0.7806532979132168,0.5238496019813776,0.6538439503857204,0.7967294191896944,0.7559492114834915,0.7491420122269169,80,mean,650M,4996
2833,BLAT ECOLX 2015,Lasso,4,0.527739456029177,0.6604414581910872,0.793381208138914,0.505893382465217,0.6807225387500165,0.8006671175453852,0.7491146745035983,0.7372667339042502,70,mean,650M,4996
2834,BLAT ECOLX 2015,Lasso,5,0.6640322652434576,0.5410408410003106,0.6640659391258483,0.6373602713046482,0.5737509147714824,0.7066592949204169,0.8275379920793524,0.809632443075752,192,mean,650M,4996
2860,PABP doubles,Lasso,1,0.7817435065529327,0.1418912302655621,0.183032571290835,0.7692106354237064,0.1446993281819646,0.1876920234745099,0.9090283821742612,0.9020949172804062,702,mean,650M,36521
2861,PABP doubles,Lasso,2,0.781346475055821,0.1417170196754236,0.1828740326775695,0.7687820314477815,0.1461454076942752,0.1891455900582144,0.9095131621318544,0.9008095206250436,675,mean,650M,36521
2862,PABP doubles,Lasso,3,0.7796200391705317,0.1424770478870106,0.1833788257164269,0.7719826881851112,0.144859420755346,0.1887396155584302,0.9082805506162076,0.9072578056147016,661,mean,650M,36521
2863,PABP doubles,Lasso,4,0.7809961153047802,0.1420583906340169,0.183567105683665,0.7664198722288266,0.1467777625733665,0.1878775997024217,0.908175472108918,0.9065695926409753,668,mean,650M,36521
2864,PABP doubles,Lasso,5,0.7779568212012078,0.1433959723736062,0.1847446900250675,0.7667101351744677,0.1458014846829585,0.1881582252205703,0.9080014692863452,0.9010641274114968,630,mean,650M,36521
2995,TIM THETH,Lasso,1,0.3618710103867715,0.4072071404716378,0.4786694929287075,0.3562275667566812,0.4336388717513479,0.5051361232537497,0.6156591514576788,0.608953883186461,35,mean,650M,1519
2996,TIM THETH,Lasso,2,0.3749099687413575,0.410856248640281,0.4804344042573855,0.343959766448511,0.4090300184662495,0.4842985079367374,0.6261445722938995,0.6007877011579346,30,mean,650M,1519
2997,TIM THETH,Lasso,3,0.3926343409938968,0.4035392311916422,0.4760807371045175,0.2455604717575227,0.4307687641535265,0.5071481864720113,0.6452187900799997,0.4457051572284062,29,mean,650M,1519
2998,TIM THETH,Lasso,4,0.3493397134648691,0.4206375508965186,0.4913908025593777,0.3531723619904992,0.4090309316327407,0.4775115639160735,0.6046537152598384,0.6252667458290263,29,mean,650M,1519
2999,TIM THETH,Lasso,5,0.3833576792529656,0.4015772392576556,0.473853871614409,0.3447303773090376,0.4275495420851953,0.4991418839678582,0.622319428571181,0.6443710334783914,31,mean,650M,1519
3075,PABP singles,Lasso,1,0.8433369755043587,0.1096165374618117,0.145018298494898,0.6154372579682565,0.1716957614630167,0.2200385096309031,0.8874971226593378,0.7959423874924898,271,mean,650M,1187
3076,PABP singles,Lasso,2,0.8492714358555392,0.1094041246777799,0.1389711580184474,0.6234492251329891,0.1721282690008846,0.2378139805825069,0.8844791689204622,0.8000855424188452,279,mean,650M,1187
3077,PABP singles,Lasso,3,0.8165056811208266,0.1155792013943507,0.1543354084331696,0.6923361262917223,0.167741534169485,0.208206524430807,0.8809308950808407,0.8047629264106415,261,mean,650M,1187
3078,PABP singles,Lasso,4,0.801193304356859,0.1252252149742335,0.1644307107015996,0.7029578628151132,0.147272596289885,0.1876566676976752,0.876260095013514,0.7568605215096122,243,mean,650M,1187
3079,PABP singles,Lasso,5,0.5292469629436125,0.2028027420363296,0.2518555739710044,0.4956383790267611,0.2022146910532603,0.2494296569857332,0.7422514772097106,0.6775694615971254,59,mean,650M,1187
3110,RL401 2014,Lasso,1,0.7464066819901981,0.1499837434104926,0.2072828976154331,0.6467829444214857,0.1620720901638788,0.2268070723807681,0.7448259920419535,0.675614766934066,152,mean,650M,1435
3111,RL401 2014,Lasso,2,0.5703547423442361,0.2015821842781757,0.2684597981862323,0.477871701319181,0.2012187685866804,0.2813869081528912,0.6785909693307728,0.6356323716198802,64,mean,650M,1435
3112,RL401 2014,Lasso,3,0.675930431773646,0.1687105313763801,0.2316775701810214,0.6040152009766653,0.1900760381105469,0.2525476104069059,0.7197040421929212,0.7028345388092431,101,mean,650M,1435
3113,RL401 2014,Lasso,4,0.7604095527169186,0.1403578729621209,0.1952489520541718,0.622015104999116,0.1882825846040705,0.265844078795496,0.74593187598562,0.7036549793350537,164,mean,650M,1435
3114,RL401 2014,Lasso,5,0.4977394815885192,0.2129759525276642,0.2848559486855748,0.508732378845854,0.2218589162411174,0.2944108408463643,0.6611440416469795,0.643370478426852,46,mean,650M,1435
3250,DLG4 RAT,Lasso,1,0.4688122189218322,0.1971970399560043,0.2873917241415356,0.4305228712593015,0.2149966069107299,0.3110390272972472,0.6070425293951889,0.6079246818781139,80,mean,650M,1659
3251,DLG4 RAT,Lasso,2,0.1609670139077479,0.2421102052287411,0.3587668030160636,0.1555543304020559,0.2622699310393925,0.3873159946723088,0.4618327680579714,0.4608693712434395,14,mean,650M,1659
3252,DLG4 RAT,Lasso,3,0.2958681997633449,0.2330642339580561,0.3386572006851268,0.3022311802073687,0.2286493660386403,0.311950769972123,0.5372132947731598,0.516112299777517,39,mean,650M,1659
3253,DLG4 RAT,Lasso,4,0.2560596748810978,0.2300799213739692,0.3379620211878252,0.1838737636451136,0.2573233305783453,0.3802811180549685,0.5051028496740008,0.4683600466127802,25,mean,650M,1659
3254,DLG4 RAT,Lasso,5,0.6412537988006696,0.1690331866990018,0.244397188138644,0.4382768396015486,0.1803883923498516,0.2648783401331651,0.6868423316519299,0.574685176120897,154,mean,650M,1659
3260,HSP82 YEAST,Lasso,1,0.5518611562386185,0.161433817875725,0.2350189882442074,0.4949987000091569,0.1692724478518389,0.2453386095838344,0.5547394803043758,0.5009349661696163,113,mean,650M,4543
3261,HSP82 YEAST,Lasso,2,0.5647852423021086,0.1586995668689588,0.2300285590718035,0.5459579677773523,0.1668584726355668,0.239062924570029,0.5536657367947124,0.539039503332613,134,mean,650M,4543
3262,HSP82 YEAST,Lasso,3,0.5526969548232935,0.1600193129696241,0.2329053211314242,0.5290723531171603,0.1710208174293017,0.2447588963407376,0.5556949226592306,0.5294974933943745,116,mean,650M,4543
3263,HSP82 YEAST,Lasso,4,0.5551763605048655,0.1600975671821584,0.2318503924399886,0.497454684645407,0.1715499136900283,0.2544773194342459,0.5499616909025462,0.5575692250062751,110,mean,650M,4543
3264,HSP82 YEAST,Lasso,5,0.5683486625121494,0.1613349002556608,0.2325953026664585,0.5352335033412297,0.15362957552279,0.2269803974858138,0.5537015389333041,0.5379302699375186,126,mean,650M,4543
3360,IF1 ECOLI,Lasso,1,0.3930922268523776,0.1621027942849417,0.2221890405523733,0.2944381445438281,0.1701502335419793,0.2237556132538675,0.5548188356752707,0.4609648403849061,44,mean,650M,1439
3361,IF1 ECOLI,Lasso,2,0.3436723244889218,0.1650368962041733,0.227456423876561,0.3690107163600318,0.1697629210937213,0.226481625611581,0.5381662458334343,0.4950965612527667,39,mean,650M,1439
3362,IF1 ECOLI,Lasso,3,0.352233654702315,0.1596781146886626,0.2217588008078518,0.3160923063513426,0.1750842010869945,0.2509450371597239,0.5447865957801885,0.5584945966593134,38,mean,650M,1439
3363,IF1 ECOLI,Lasso,4,0.3750153048680172,0.1636315880592742,0.2248044220109795,0.3248826922787896,0.1616756062181017,0.2222165513770417,0.5427710043069126,0.5559866692882992,36,mean,650M,1439
3364,IF1 ECOLI,Lasso,5,0.3782171405859634,0.1634115073640289,0.2224604886205487,0.3176011894566246,0.1649921672880952,0.2309397939006654,0.5609019975718768,0.5139803632473252,40,mean,650M,1439
3465,RASH HUMAN,Lasso,1,0.5591835389112424,0.1467152887600327,0.2027222081384123,0.5107099688744039,0.1559064366233193,0.2071479612967549,0.7812927653233662,0.7214056144855703,171,mean,650M,3134
3466,RASH HUMAN,Lasso,2,0.6327844385732477,0.1300461497222171,0.1841324527800052,0.5904480649672393,0.1470812194885345,0.1934426598274366,0.816149070455419,0.7704799556865416,247,mean,650M,3134
3467,RASH HUMAN,Lasso,3,0.5909120590272028,0.1432128631171746,0.1914423999143884,0.4690043679260238,0.1507391737188442,0.2331194535540694,0.7855583847198386,0.7433448754871856,190,mean,650M,3134
3468,RASH HUMAN,Lasso,4,0.5899553993232788,0.1402637929211913,0.1957820845889346,0.5225310832278361,0.1532804390532806,0.2035340935138601,0.792685319636085,0.725345015889732,199,mean,650M,3134
3469,RASH HUMAN,Lasso,5,0.1756420414403592,0.2139436391708339,0.2754999822160585,0.1462483865703472,0.2149664441964842,0.2807640937871938,0.5113090630295081,0.4556335631410795,14,mean,650M,3134
3545,RL401 2013,Lasso,1,0.6345960635216268,0.1433637366905588,0.1996381588858417,0.5693984635854666,0.1776748173983078,0.2459850422688569,0.7926627499758043,0.7750803510306847,94,mean,650M,1269
3546,RL401 2013,Lasso,2,0.4308140093696863,0.1968918853475542,0.2583024149476541,0.3679713687829359,0.2019944921159368,0.2646526307806757,0.6781529992059853,0.5942255419965912,20,mean,650M,1269
3547,RL401 2013,Lasso,3,0.4239325442321332,0.2017273318520907,0.2638338894243967,0.4281994182933937,0.1876068478400313,0.2328303421477368,0.6728734134577322,0.670845775633368,23,mean,650M,1269
3548,RL401 2013,Lasso,4,0.4595151644010051,0.1921731639530858,0.2529671618470508,0.3811058406585152,0.1906004898801563,0.2562128810160384,0.6955518998643923,0.6255281890357641,25,mean,650M,1269
3549,RL401 2013,Lasso,5,0.5634152675823652,0.1630144157119858,0.2231692567740973,0.5270498663316513,0.1729193482568612,0.2415538856443165,0.762859332747783,0.7418453863862998,66,mean,650M,1269
3605,BLAT ECOLX 2015,Lasso,1,0.6442411272650961,0.5679708669700588,0.6861089121891765,0.6234850053678944,0.5853739109495428,0.7093221112720649,0.8292790916204432,0.8072624846926565,203,mean,15B,4996
3606,BLAT ECOLX 2015,Lasso,2,0.6637288421386298,0.5533440255832571,0.6705381638206847,0.655905488199725,0.5433524192701563,0.6641274244501858,0.8366982210582812,0.8330470265056474,235,mean,15B,4996
3607,BLAT ECOLX 2015,Lasso,3,0.6972028039790584,0.5172569660660111,0.6332085327701891,0.6628938919080086,0.5473468130850624,0.670381604724759,0.8517086649969001,0.8323455027877229,262,mean,15B,4996
3608,BLAT ECOLX 2015,Lasso,4,0.6797036290893324,0.536777468436279,0.653381881419428,0.5977265462355892,0.5943706227246867,0.7224409329706134,0.8447417682672026,0.8009191115515797,222,mean,15B,4996
3609,BLAT ECOLX 2015,Lasso,5,0.6810782720666652,0.5304900235993054,0.6470002878407312,0.6164080141013379,0.5966695768729314,0.726786995443534,0.8450137517545258,0.810738378787138,224,mean,15B,4996
3645,PABP doubles,Lasso,1,0.7936179650949766,0.1380998469767472,0.1779839083556129,0.7818985227467992,0.140526013313036,0.1824598125089811,0.9148323674692268,0.9081237604652832,909,mean,15B,36521
3646,PABP doubles,Lasso,2,0.7916406643687728,0.1385061305557098,0.1785172887708606,0.7782760493132841,0.1431510273247705,0.1852216435948969,0.914479782499582,0.9047638026169232,840,mean,15B,36521
3647,PABP doubles,Lasso,3,0.7973207583388451,0.1363530588703791,0.1758602847104597,0.7778957066435096,0.1419242031459591,0.1862763125819831,0.9159843621819982,0.9104221461760692,931,mean,15B,36521
3648,PABP doubles,Lasso,4,0.7960311881781108,0.1368576742488433,0.1771539475392093,0.77723362361543,0.1431409715594154,0.1834771043611983,0.914845440448152,0.9111742547164446,927,mean,15B,36521
3649,PABP doubles,Lasso,5,0.8086046295248449,0.1321672781368013,0.1715216559675202,0.7868801615961546,0.1386108896103535,0.1798403799159557,0.9195669725901566,0.908403380792052,1341,mean,15B,36521
3740,TIM THETH,Lasso,1,0.6828156469805908,0.2704909571710379,0.3374717236177463,0.6147472400488587,0.318082909762367,0.3907645143651958,0.82972857459433,0.7986892078662523,159,mean,15B,1519
3741,TIM THETH,Lasso,2,0.7018522504786839,0.26663864465753,0.3318016804891642,0.5868917884507515,0.2993093299696509,0.3843083385006352,0.8409690984861928,0.7513506812110475,161,mean,15B,1519
3742,TIM THETH,Lasso,3,0.6612639356777168,0.2870196436868108,0.3555381529270481,0.530138119393815,0.3259820614071584,0.4002282737443433,0.8244686858998629,0.7105938031249199,118,mean,15B,1519
3743,TIM THETH,Lasso,4,0.6926543886021713,0.2698957056880172,0.3377251330929831,0.6095733746029705,0.2954963414157483,0.3709875391789398,0.8326300920918189,0.8010759531518294,140,mean,15B,1519
3744,TIM THETH,Lasso,5,0.5782870862650902,0.3226750574980683,0.3918647691892308,0.5332976415295159,0.3458017462031241,0.4212442580585916,0.7806871044932254,0.7627825957918202,87,mean,15B,1519
3840,PABP singles,Lasso,1,0.7589054493658105,0.1375951882720618,0.1799008639722923,0.6446894807552568,0.1658067355185645,0.2115042626164636,0.863632856379083,0.7839704544852885,188,mean,15B,1187
3841,PABP singles,Lasso,2,0.7072895824207999,0.156349313027567,0.1936627011798839,0.5163260660493023,0.1960318360221127,0.2695267974751669,0.8211599056359323,0.7679715297739659,146,mean,15B,1187
3842,PABP singles,Lasso,3,0.4422563482014302,0.2182372148418985,0.2690739053663678,0.4043187675536012,0.2425686462498107,0.2897097033236845,0.7152887987357825,0.7064773130878612,50,mean,15B,1187
3843,PABP singles,Lasso,4,0.806085101762912,0.1209084911511087,0.1623951365494594,0.6618256679432012,0.159715719318599,0.2002282216247784,0.8876535960609531,0.770510349602188,255,mean,15B,1187
3844,PABP singles,Lasso,5,0.8018523544210346,0.1232431661914437,0.1633990246489514,0.6726324170035289,0.1548354790124291,0.2009531922262257,0.8832384549644079,0.7641677138566217,245,mean,15B,1187
3890,RL401 2014,Lasso,1,0.514203441693235,0.2173318576667367,0.2868942108587864,0.472502607409761,0.2197705344455998,0.2771698063686215,0.6769439989951777,0.649921211988659,63,mean,15B,1435
3891,RL401 2014,Lasso,2,0.5178059892487938,0.2180791639129043,0.2844036422996702,0.4269008265997294,0.2191448345873829,0.2948018214629992,0.6783460532919035,0.5887827758339775,62,mean,15B,1435
3892,RL401 2014,Lasso,3,0.3960272056081227,0.2437626670181543,0.316281327313368,0.3541741587399641,0.2463884407468789,0.3225237609327533,0.6296335237612452,0.6111349403892034,36,mean,15B,1435
3893,RL401 2014,Lasso,4,0.5913985553905198,0.1913084522678876,0.254978705146995,0.4833875245193484,0.2250727920540534,0.310793705126007,0.712579707719928,0.6617899323417349,82,mean,15B,1435
3894,RL401 2014,Lasso,5,0.3734410963229654,0.2439681154447981,0.3181571780695748,0.3496047525974867,0.2659801980551942,0.3387532000950621,0.6219998418067595,0.6213554246235636,28,mean,15B,1435
3965,DLG4 RAT,Lasso,1,0.0297442489475709,0.2664901640106817,0.3884126202181914,0.0429883735645014,0.2716836327970823,0.4032137640474763,0.1253912112576603,0.2212688218719473,6,mean,15B,1659
3966,DLG4 RAT,Lasso,2,0.1502375138386479,0.246449004198203,0.3610534592809494,0.0066644061037737,0.277924784435514,0.4200757142061986,0.3067893227699474,0.2316031673670331,46,mean,15B,1659
3967,DLG4 RAT,Lasso,3,0.0384087235762101,0.272673538129993,0.3957569882333975,0.0255305122186257,0.2633083855019238,0.3686501416347472,0.1741681242165683,0.1323546724366902,6,mean,15B,1659
3968,DLG4 RAT,Lasso,4,0.0371999172458492,0.2623811925184391,0.3844739398897112,0.01641798829695,0.2817208771764617,0.4174758725569991,0.1548456653483223,0.1232545510709683,4,mean,15B,1659
3969,DLG4 RAT,Lasso,5,0.0375000568503451,0.2775075848599578,0.4003159605220944,0.0024894540119092,0.2510977112562944,0.3529750666117814,0.1732931698061701,0.111571389347658,6,mean,15B,1659
4020,HSP82 YEAST,Lasso,1,0.129695070668961,0.2303901511169679,0.3275158929619851,-0.0049542931196875,0.2417763971639207,0.3460929928875598,0.3165089540924611,0.2320317752907411,84,mean,15B,4543
4021,HSP82 YEAST,Lasso,2,0.0488503230375033,0.2371105406574416,0.3400590871089967,0.0381661289681993,0.2452570425919379,0.3479479099034849,0.2228552274706787,0.2177778459455085,43,mean,15B,4543
4022,HSP82 YEAST,Lasso,3,0.0412536259873513,0.2406058396987268,0.3409811339480854,0.0226884184234905,0.2452504869698272,0.3525964335653441,0.2012305323323198,0.1664553100869734,28,mean,15B,4543
4023,HSP82 YEAST,Lasso,4,0.0442868977528922,0.2388087693220839,0.3398424889336819,0.043306834072644,0.243553635551193,0.3511137221368636,0.2080165418524908,0.2434822813862966,49,mean,15B,4543
4024,HSP82 YEAST,Lasso,5,0.0525062443165935,0.2429144105791924,0.3446057919439526,0.0156738718688371,0.2356024883998199,0.3303242456965313,0.2222741319399157,0.1350543959194136,34,mean,15B,4543
4130,IF1 ECOLI,Lasso,1,0.0079500130572199,0.2099119399624061,0.284071759694448,-0.0002529356793234,0.2035367804020107,0.2664166171995046,0.1003817757524111,0.0620969660280561,4,mean,15B,1439
4131,IF1 ECOLI,Lasso,2,0.1410929295365234,0.1943623182728615,0.2602021836444931,0.0707381513896413,0.2101423503297757,0.2748470218730854,0.2493866379049575,0.105565800824571,64,mean,15B,1439
4132,IF1 ECOLI,Lasso,3,0.0458334554890301,0.1974870787457475,0.2691434200118325,0.0125808411313907,0.2188182000507186,0.3015300788886708,0.1435741269739059,0.0543837895800738,17,mean,15B,1439
4133,IF1 ECOLI,Lasso,4,0.0460483777986608,0.2058349812469066,0.2777367403067191,0.0152912271695908,0.1982068847844556,0.2683741524892947,0.1306801988184484,0.072224903545474,14,mean,15B,1439
4134,IF1 ECOLI,Lasso,5,0.2111700658223354,0.1895324364794041,0.2505677684839619,-0.0066405728240848,0.209050009114294,0.2804896617248696,0.3147268450672009,0.051516574019395,101,mean,15B,1439
4160,RASH HUMAN,Lasso,1,0.0651557085168806,0.2328014243921881,0.2952174784414102,0.0416236050782559,0.2334851701060665,0.2899115606868562,0.2721728541663245,0.192564721241065,49,mean,15B,3134
4161,RASH HUMAN,Lasso,2,0.0638108904381805,0.2303063428160899,0.2940028851054642,0.0429677719320588,0.2414856230067421,0.2957066187878527,0.2660133993639812,0.1919085681481537,53,mean,15B,3134
4162,RASH HUMAN,Lasso,3,0.0560917251050111,0.2336627417893678,0.2908001912629695,0.0261279503183221,0.2353146733911905,0.3157068412104949,0.2505853240561713,0.2051390739799711,36,mean,15B,3134
4163,RASH HUMAN,Lasso,4,0.0570464253721463,0.2337882305288681,0.2968947753722221,0.0260436350753745,0.2346935873297097,0.2906928603052601,0.2534239146447104,0.1449425532563313,41,mean,15B,3134
4164,RASH HUMAN,Lasso,5,0.0809094475963212,0.229113963481744,0.2908993886602821,0.0459496201258455,0.2328494230965973,0.296798329251613,0.2917665614210189,0.216366828194506,64,mean,15B,3134
4230,RL401 2013,Lasso,1,0.2830949813008903,0.2227944799150739,0.2796325708927113,0.0066160460381066,0.2909719531554875,0.3736194547519543,0.4984521071716566,0.2449913292283525,95,mean,15B,1269
4231,RL401 2013,Lasso,2,0.2572827459831186,0.2373124598000437,0.2950618913808501,0.0994042338469983,0.2500511413296377,0.3159168494712513,0.5013125319657523,0.3370260314835493,101,mean,15B,1269
4232,RL401 2013,Lasso,3,0.2574931041262539,0.2410816644565225,0.2995326405579623,0.0787743187484731,0.2453846341793931,0.2955291319433239,0.4849336464331157,0.3255613662083669,88,mean,15B,1269
4233,RL401 2013,Lasso,4,0.1552679598740223,0.2558789756769323,0.3162509763809042,0.0449828802947037,0.2621833576930789,0.3182719363082507,0.3973060566689281,0.2397614972629441,57,mean,15B,1269
4234,RL401 2013,Lasso,5,0.0566370367148006,0.2678459307284454,0.328049594958007,0.0159632006280355,0.2873283232247876,0.3484271764647601,0.2243220421695605,0.1240534384401509,25,mean,15B,1269
