,Model,Fold,R2_score_train,MAE_score_train,RMSE_score_train,R2_score_test,MAE_score_test,RMSE_score_test,rho_score_train,rho_score_test,nun_zero_coefs,Compression_methd,Dataset
0,Lasso,1,0.8487941967863839,0.3520449488416362,0.4470666152188433,0.7833499491253698,0.4224541322079824,0.5434790554851571,0.910386138376001,0.8711332242851129,861,mean,BLAT_Ran
1,Lasso,2,0.848814232929757,0.3524237276201142,0.4480372855511665,0.7605447632940443,0.4398284105331404,0.5598931055943799,0.9106176632362138,0.8721801176527937,854,mean,BLAT_Ran
2,Lasso,3,0.8514397808585512,0.350520984467994,0.4446165860411069,0.7589846010338435,0.4415538892556356,0.5563026538600158,0.9109817094564824,0.8737615314829603,856,mean,BLAT_Ran
3,Lasso,4,0.8510230788174636,0.35036207270636,0.4452742276235072,0.7537648979156429,0.4325690664717068,0.5618414551045079,0.9109200256567884,0.8717592433150452,851,mean,BLAT_Ran
4,Lasso,5,0.8483719795638844,0.35165929357892,0.4475392742474666,0.7715794385890349,0.435400613029663,0.5592104933653167,0.9108795523968748,0.8743584293721307,857,mean,BLAT_Ran
5,Lasso,6,0.8483965453988924,0.3547528290358409,0.448998349536205,0.7739085587395513,0.4169741676840087,0.5404077204109952,0.9093743124969044,0.8806368665474662,867,mean,BLAT_Ran
6,Lasso,7,0.8503594690893934,0.3511888176620131,0.4466523057106379,0.7416821485299839,0.450513466865828,0.5695932446239855,0.9109438151174468,0.8583711726675322,898,mean,BLAT_Ran
7,Lasso,8,0.849802524958089,0.3506484850789293,0.4460887286954684,0.7475867734972177,0.4631630563992631,0.5807662841866007,0.91019212771017,0.865355951938189,879,mean,BLAT_Ran
8,Lasso,9,0.8488530977807067,0.3515707478043139,0.446632675850504,0.7695873484763887,0.437977720445966,0.5633085027920847,0.9111656085940214,0.8643757066846491,851,mean,BLAT_Ran
9,Lasso,10,0.8505472538135264,0.348481274941243,0.4442327338830685,0.7503017865777379,0.464974244794696,0.5860591631979205,0.9112042788601707,0.869335559536798,874,mean,BLAT_Ran
0,Lasso,1,0.8426286454436402,0.3613117625914707,0.4560903166989116,0.7666855597404263,0.4428069686078542,0.5639936622775319,0.9075921350942312,0.8641605185372145,891,iDCT,BLAT_Ran
1,Lasso,2,0.8433900612645318,0.360517160415983,0.456003696655039,0.7470557080175482,0.4607991789068953,0.5754470815747121,0.9074575165202656,0.8668703362862334,881,iDCT,BLAT_Ran
2,Lasso,3,0.8455045007475689,0.3583608240091904,0.4534112692398697,0.7333060833716079,0.4630900409495917,0.5851878368964877,0.9073098544369232,0.8538211382929725,901,iDCT,BLAT_Ran
3,Lasso,4,0.8446040895185375,0.3604543938785202,0.4547658602721985,0.7414559011945763,0.4454363708596732,0.5757131017662909,0.9081687851766532,0.8548767936039827,886,iDCT,BLAT_Ran
4,Lasso,5,0.8411139718528483,0.3614300918318062,0.4581252985588939,0.7744223854598915,0.4402177659267138,0.5557196003805762,0.9072624904410128,0.8714154413176517,891,iDCT,BLAT_Ran
5,Lasso,6,0.8444682941139072,0.3599834023720853,0.4547782262072495,0.7463684633512662,0.4463345228619909,0.5723755978108315,0.9069930601911476,0.8606750267001068,893,iDCT,BLAT_Ran
6,Lasso,7,0.8429952736236395,0.3623236578882454,0.457510771303468,0.7535107411764363,0.4394334305605815,0.5563993570585604,0.907812077771039,0.8522645979251179,910,iDCT,BLAT_Ran
7,Lasso,8,0.8446081312573603,0.3587956096351971,0.4537368784561375,0.7295650622125617,0.4752542983776602,0.6011415415491421,0.907772279926436,0.8570056601883962,928,iDCT,BLAT_Ran
8,Lasso,9,0.8429581832849801,0.3613742793985847,0.4552589821664036,0.7475979179607992,0.4583159552046836,0.5895757503084481,0.9078054383149043,0.8572333238123058,892,iDCT,BLAT_Ran
9,Lasso,10,0.8430591284762639,0.3603471187566358,0.455225558255312,0.7504031834468776,0.4594703123547968,0.585940158345149,0.906662796418019,0.8688459055181668,899,iDCT,BLAT_Ran
0,Lasso,1,0.8452780882729672,0.3586611372067173,0.4522347406099145,0.7616571337820419,0.4591312026249459,0.5700388997181377,0.907578013222265,0.8585679154690138,932,iDCT2,BLAT_Ran
1,Lasso,2,0.8467000293801291,0.3584404619245797,0.4511591183798334,0.7272284931268604,0.4714102829065533,0.597575043232767,0.9083383375620174,0.8571235130650167,944,iDCT2,BLAT_Ran
2,Lasso,3,0.8489626133184895,0.3557102970224069,0.4483081408332752,0.7429578924480389,0.4541465623623267,0.5745011108507373,0.9087235831426054,0.8516312672266504,950,iDCT2,BLAT_Ran
3,Lasso,4,0.8491543311287366,0.3561121529038181,0.4480582560511762,0.7382044262544047,0.4547581257764484,0.5793219021614672,0.9092712185102244,0.8514550490427377,924,iDCT2,BLAT_Ran
4,Lasso,5,0.8479733010028008,0.3562065564630011,0.4481272499516306,0.7568855883608482,0.4546385159753744,0.5769166420124009,0.9097528242028752,0.8638375542786263,946,iDCT2,BLAT_Ran
5,Lasso,6,0.8469417450754257,0.3585447264141826,0.4511475201185896,0.7607781470748771,0.4330849510680037,0.5558785405887614,0.9079473801846504,0.8618775275101099,947,iDCT2,BLAT_Ran
6,Lasso,7,0.8474142141108966,0.3579529262516635,0.4510264376373137,0.7491775587850741,0.4468339240822152,0.5612686889290224,0.9089582496565616,0.855208027022914,936,iDCT2,BLAT_Ran
7,Lasso,8,0.8474572902520838,0.357631442554317,0.4495579297589925,0.7377701751966057,0.4698587613516405,0.5919518526792975,0.908148905150263,0.8622529746000932,944,iDCT2,BLAT_Ran
8,Lasso,9,0.8484440604108567,0.3551589852633634,0.4472366115569413,0.7341890859889748,0.4708451839673455,0.6050336790822947,0.9085229691368206,0.8581833687093398,929,iDCT2,BLAT_Ran
9,Lasso,10,0.8477366301507986,0.3551817816706368,0.4483904206233182,0.738776881494542,0.4703072914994837,0.5994314817110225,0.9084844438631982,0.8672363248723067,943,iDCT2,BLAT_Ran
0,Lasso,1,0.7146246654181398,0.1643542534522606,0.209248740266371,0.713266720594899,0.166194275602287,0.2090185831049936,0.8799033815723306,0.873649532608586,265,mean,PABP_doubles
1,Lasso,2,0.7160894109293061,0.1643450788688538,0.2086693028635944,0.7108968619468166,0.163026756426863,0.2102525050638044,0.880070663747904,0.8808235311199907,269,mean,PABP_doubles
2,Lasso,3,0.7159024476008629,0.1640676160527696,0.2087456396392216,0.7105851478112097,0.1661977403935328,0.2102595104724637,0.8802970017013871,0.8759367396969499,260,mean,PABP_doubles
3,Lasso,4,0.7156458681945803,0.1640427002231659,0.2085385253446403,0.7144233626574683,0.1664897431347134,0.2115434782105181,0.8806547394083837,0.8749540726750354,270,mean,PABP_doubles
4,Lasso,5,0.7166294504581009,0.1639588265862818,0.2083493954625235,0.703246523408575,0.1674959947947734,0.2141367192197964,0.8802873100773848,0.8765391782168772,266,mean,PABP_doubles
5,Lasso,6,0.7155476997655812,0.1640037044820384,0.2084849825127084,0.7103271213499778,0.1671481650823046,0.213883308592587,0.8795016585898539,0.8808230555901168,266,mean,PABP_doubles
6,Lasso,7,0.715769301220443,0.164193678952481,0.2089511898197397,0.7150503993810404,0.1641507871023476,0.2072549464981734,0.8798108360437058,0.8803239129119056,263,mean,PABP_doubles
7,Lasso,8,0.7170256418830929,0.1639446439163362,0.2084270593188183,0.7052820922262739,0.1663591613081474,0.2112730009446831,0.880370700724634,0.8795389095707352,261,mean,PABP_doubles
8,Lasso,9,0.7145563416542903,0.1645142628143975,0.2091498763036427,0.7204841752607376,0.1630753469817134,0.2074692978144084,0.8794401927005946,0.8826523825069483,263,mean,PABP_doubles
9,Lasso,10,0.7165753232547696,0.1641825794203961,0.2087460774083705,0.7065332161716129,0.1650917071413397,0.2094749023731013,0.8807098814604954,0.8713554063298206,272,mean,PABP_doubles
0,Lasso,1,0.7233465039384941,0.162112366335642,0.2060263253686124,0.7218973122905848,0.1641186326806893,0.2058488483219943,0.8834883851924294,0.8789183821647927,289,iDCT,PABP_doubles
1,Lasso,2,0.7245126465735607,0.1622337767197438,0.2055505310559702,0.7182475813140341,0.1606647950309447,0.2075623611971328,0.8834185527954453,0.8840648462046478,293,iDCT,PABP_doubles
2,Lasso,3,0.7240265668210651,0.1620220339284279,0.2057393221547482,0.7193584022144539,0.1639069730808402,0.2070481068398141,0.8837363864950799,0.8792010170339494,295,iDCT,PABP_doubles
3,Lasso,4,0.7236104975508555,0.1619709110809865,0.2055972486904337,0.7224177465836431,0.1643264370499753,0.2085615047465826,0.8836709589438675,0.8783109369591057,285,iDCT,PABP_doubles
4,Lasso,5,0.7244851263118985,0.1621294690028221,0.2054411384724656,0.7128685935400936,0.1641266748727698,0.2106364787208012,0.883250759257409,0.8808277658454643,294,iDCT,PABP_doubles
5,Lasso,6,0.723021524333902,0.1622158734063918,0.2057278383965201,0.7219065952381208,0.1635317270569059,0.2095647920191488,0.8828125548786198,0.8851134490161215,293,iDCT,PABP_doubles
6,Lasso,7,0.7241279681619612,0.16209962389854,0.2058558407950823,0.7186904275361423,0.1629461970007174,0.2059269245846612,0.8834481164227173,0.8801088866515232,297,iDCT,PABP_doubles
7,Lasso,8,0.7244246536569716,0.1618385906286394,0.2056841093031472,0.7178463581514072,0.1647987215561638,0.2067205103578636,0.8833890971373628,0.8850841768788508,286,iDCT,PABP_doubles
8,Lasso,9,0.7231882558550831,0.162291159118081,0.2059632179298886,0.7230331256930476,0.1628565894093976,0.2065211581072995,0.8829070371943081,0.884508609516528,297,iDCT,PABP_doubles
9,Lasso,10,0.7249858444703904,0.1619268843657256,0.205625521874388,0.7103275260534008,0.1642902314598767,0.2081163184282441,0.8842512415941985,0.8705476877587291,293,iDCT,PABP_doubles
0,Lasso,1,0.7277739028954948,0.1608302977729419,0.2043711146658253,0.7336796391718418,0.1609036624425121,0.2014410765704969,0.886545177014712,0.8848594632355642,290,iDCT2,PABP_doubles
1,Lasso,2,0.7294954718671534,0.1607248383684265,0.2036831202774198,0.7224448141006894,0.1600202587795183,0.206010544108402,0.886880854142645,0.8876028599449407,290,iDCT2,PABP_doubles
2,Lasso,3,0.7286097576495962,0.1606971286177722,0.2040237759142913,0.7268711509049051,0.1613491131539194,0.2042579783088778,0.8866260727725731,0.8844889599188644,285,iDCT2,PABP_doubles
3,Lasso,4,0.7284176891448296,0.1606560746769291,0.2038014484369875,0.7278468047205877,0.1620561776727492,0.2065118711978748,0.8870560980928531,0.8810996270192997,297,iDCT2,PABP_doubles
4,Lasso,5,0.7294093700058693,0.1605620187997255,0.203596948886047,0.7192217974817414,0.1630892352150908,0.208293122989205,0.8866326765397401,0.8841418247200606,291,iDCT2,PABP_doubles
5,Lasso,6,0.7287519263556508,0.1605185338913242,0.2035885662052124,0.7207650164202302,0.1643394789726846,0.2099944852630161,0.8864265012860795,0.8866670747197162,291,iDCT2,PABP_doubles
6,Lasso,7,0.729663770580417,0.1605144468738895,0.2037799649067798,0.7229773764366636,0.1614667890357102,0.2043518139935679,0.8869640967567733,0.883970052513827,282,iDCT2,PABP_doubles
7,Lasso,8,0.7297736546946989,0.1603456746632867,0.2036781319797949,0.7168228694459879,0.1643271752345616,0.2070951016349759,0.8866730277179795,0.8859265809864542,288,iDCT2,PABP_doubles
8,Lasso,9,0.7281378022567555,0.1609034461508687,0.2041135444689251,0.7299584569831877,0.160370571097624,0.2039228665028178,0.8864543580387022,0.8886136331311935,292,iDCT2,PABP_doubles
9,Lasso,10,0.7297961091042142,0.1605836724141564,0.2038192938362138,0.7168472842321534,0.1628914322807947,0.2057609166993674,0.8875681214165346,0.874165962783074,287,iDCT2,PABP_doubles
0,Lasso,1,0.8890615893419628,0.1544759316979933,0.2006352533057554,0.7405132886328665,0.2528315709134549,0.32575418373812,0.9250245013847422,0.8584189339730315,488,iDCT,TIM_THETH
1,Lasso,2,0.8868921607501236,0.1563948269531541,0.2030799733094566,0.7373967443452607,0.2473355530860995,0.3140732609849291,0.9217656266090016,0.8551076756948859,503,iDCT,TIM_THETH
2,Lasso,3,0.8890720741372486,0.1563408423737352,0.2029166195886261,0.770244300363697,0.2043622171751907,0.2763299260835703,0.9254676963659704,0.853395662900922,506,iDCT,TIM_THETH
3,Lasso,4,0.8869883673200547,0.1574392080263087,0.2032109162433338,0.7346077166772054,0.2387628030757859,0.3186239334765291,0.923217428986854,0.8264613618190392,489,iDCT,TIM_THETH
4,Lasso,5,0.8885570084769984,0.1568563962811667,0.2034458064053768,0.6979369121013486,0.2445129508059859,0.314522491085954,0.92326274184977,0.8340646122513139,502,iDCT,TIM_THETH
5,Lasso,6,0.8915589999232107,0.1545883650754299,0.1999539493013679,0.6742347835913514,0.2584467467747428,0.3396630207223368,0.9286344605370016,0.7824923625776556,497,iDCT,TIM_THETH
6,Lasso,7,0.8900199022868266,0.1545724063564953,0.2019569335668992,0.7480394133280819,0.2243309392336786,0.291333967332719,0.9250423052850958,0.866603106910244,507,iDCT,TIM_THETH
7,Lasso,8,0.8914213861451443,0.1539323728543791,0.199708725458524,0.6736548002750399,0.2624853459022751,0.3465884775338409,0.9257191117323454,0.826427189906984,505,iDCT,TIM_THETH
8,Lasso,9,0.8884085640339292,0.1534797680046427,0.2018115073771452,0.7490703301367748,0.2529341932148198,0.3121512459261437,0.9240172093158484,0.8632918486320983,493,iDCT,TIM_THETH
9,Lasso,10,0.8922595110771042,0.1535465024139615,0.1988263072842589,0.7297323376296719,0.248953626033141,0.3139314631436609,0.9264914921847992,0.8399930289299407,493,iDCT,TIM_THETH
0,Lasso,1,0.8852332919849081,0.1575341548369564,0.2040676846235864,0.7195265299441195,0.274795409685123,0.3386712533622167,0.921916922181214,0.8275548630048045,478,mean,TIM_THETH
1,Lasso,2,0.88341805674948,0.1598651861742145,0.2061751834836592,0.7242198672519866,0.2566121501564153,0.3218565849693588,0.9189184588081378,0.8529172561321496,479,mean,TIM_THETH
2,Lasso,3,0.8805632391059391,0.1637225809287542,0.2105553015180942,0.7476598684215539,0.2205143621603273,0.2895929176780319,0.9171172678042449,0.8512770043535016,497,mean,TIM_THETH
3,Lasso,4,0.881573578053528,0.1618044448840857,0.2080222375181999,0.7223973923550133,0.2576575837104706,0.3258712300769952,0.9184122935903904,0.8230270846574947,476,mean,TIM_THETH
4,Lasso,5,0.8831720329579188,0.1609422839531102,0.2083031182060912,0.6704321608616391,0.2648154968959529,0.3285301939623609,0.9189326006763588,0.8082887389881013,481,mean,TIM_THETH
5,Lasso,6,0.8864495038859319,0.1592240334415668,0.2046104202088973,0.6725256862360238,0.2600371578247546,0.3405528605893406,0.9225874807665768,0.7923646279703933,491,mean,TIM_THETH
6,Lasso,7,0.8832779695729901,0.1618909742016164,0.2080549889307736,0.7572671992492547,0.223895563873171,0.2859493087778098,0.9190651319428972,0.8771861480737293,483,mean,TIM_THETH
7,Lasso,8,0.8874412588703257,0.1568047968268757,0.2033361082496258,0.6417816729231418,0.2862578711492056,0.3631193618717047,0.9229235470076664,0.8111728483655575,480,mean,TIM_THETH
8,Lasso,9,0.8835760527347968,0.159228817459173,0.2061349598380578,0.7527036551346806,0.2529690300370854,0.309883115622555,0.9178532547383051,0.8652977398697367,486,mean,TIM_THETH
9,Lasso,10,0.8872411332068926,0.1574993346161182,0.2034041113407559,0.7083449757587186,0.2573624997465053,0.3261163197634418,0.920072664053513,0.8341861275705821,486,mean,TIM_THETH
0,Lasso,1,0.8905901415650783,0.1524921946983368,0.1992482440836478,0.6898838919642196,0.2769082432740886,0.356118555928138,0.9270164571879644,0.8267654918363301,559,iDCT2,TIM_THETH
1,Lasso,2,0.8889143245835153,0.1550065700581942,0.2012564346305935,0.7084813530794452,0.246462464865102,0.3309131917643862,0.9247023212523288,0.8198593484099809,561,iDCT2,TIM_THETH
2,Lasso,3,0.8913046062008295,0.1563395263227165,0.2008642939834572,0.7320204701439303,0.2163349644252162,0.2984321339239243,0.9271897469188723,0.8519160191089331,563,iDCT2,TIM_THETH
3,Lasso,4,0.8871169742064301,0.1557901224463331,0.2030952566336818,0.7221032384084807,0.2533103919727624,0.326043834595686,0.9250781338729576,0.8249167913941455,553,iDCT2,TIM_THETH
4,Lasso,5,0.886534265615987,0.1569414510150231,0.2052838223695809,0.6793021569211464,0.2564426499598986,0.3240790054125134,0.9245030395503904,0.8242231015794258,558,iDCT2,TIM_THETH
5,Lasso,6,0.8924373436695932,0.1526680098592746,0.1991425155067283,0.6316004653798379,0.2805562625264907,0.3612064099894309,0.9292334232152778,0.759672359707215,552,iDCT2,TIM_THETH
6,Lasso,7,0.8913343566971877,0.1543453914039047,0.2007464366200805,0.689802423021084,0.2537026276616566,0.3232540822587533,0.926271206588601,0.8490489956875047,534,iDCT2,TIM_THETH
7,Lasso,8,0.8925252919339401,0.1528107890147855,0.198690924514006,0.6186109061256495,0.2964026566888179,0.3746792487683449,0.9273089202027384,0.8028622393537407,542,iDCT2,TIM_THETH
8,Lasso,9,0.88860097241428,0.1536007504003519,0.2016374484210993,0.7023990813634617,0.2785389739930518,0.3399430752164291,0.926550182902663,0.831552976715259,552,iDCT2,TIM_THETH
9,Lasso,10,0.8927366897365654,0.1509457945617944,0.1983855214886117,0.6892405079455936,0.2629771130922433,0.3366278187271396,0.9270727297097644,0.8247228999651446,543,iDCT2,TIM_THETH
0,Lasso,1,0.8636192461400614,0.1007170835148391,0.1343775592480256,0.614453200307183,0.1705306870788517,0.2278805062598773,0.909818770559756,0.7993569280687218,360,iDCT,PABP_singles
1,Lasso,2,0.8670016267089145,0.0997159160728308,0.1336482222489782,0.6706065037693502,0.1578386645832809,0.1962371265761324,0.9145158560402722,0.7961971229169635,377,iDCT,PABP_singles
2,Lasso,3,0.8615673220931878,0.1010759575304384,0.1355516081132006,0.6960020529152633,0.1545918723131704,0.1994162152518192,0.906192708841569,0.822886381724673,379,iDCT,PABP_singles
3,Lasso,4,0.8754222726273991,0.099468898224161,0.1265203943661236,0.5476498527450333,0.1736886821493642,0.2731425647749505,0.9097803129136142,0.7463110667996014,370,iDCT,PABP_singles
4,Lasso,5,0.8591105329948109,0.1024491067368434,0.136560306267797,0.7156555270263134,0.1478114898908495,0.1951251534212054,0.9072306861244316,0.8153824241561032,389,iDCT,PABP_singles
5,Lasso,6,0.8560222970306746,0.1027979672754125,0.1369318978678208,0.7444583573655122,0.1481733262825178,0.1948824295400977,0.9046058719743698,0.8353795755590373,374,iDCT,PABP_singles
6,Lasso,7,0.8647790802464068,0.1002548364895783,0.134748237611007,0.6778628654632868,0.1563686448820418,0.1944641687666735,0.912870103808809,0.767625694345535,359,iDCT,PABP_singles
7,Lasso,8,0.863209978914727,0.1013630836292847,0.1354860345044479,0.6754050312606357,0.1502925198412641,0.1956191350790176,0.9106445496059566,0.7681753274973615,395,iDCT,PABP_singles
8,Lasso,9,0.8647099947198724,0.1007016902488627,0.1347357994002873,0.5861504102267672,0.1651784903374641,0.2182252525771081,0.9098162458211252,0.7249204766652424,368,iDCT,PABP_singles
9,Lasso,10,0.858821580193033,0.1020044897016463,0.1370252022500093,0.7190014715690441,0.1520159748673767,0.190694151763133,0.909508490810399,0.7889700860787602,361,iDCT,PABP_singles
0,Lasso,1,0.8485904898751822,0.1048428723173846,0.1415881092773985,0.6453492586491919,0.1628215449829496,0.2185591839063367,0.9036833173150812,0.773224564209608,326,mean,PABP_singles
1,Lasso,2,0.8552200820125231,0.1029787426309848,0.1394421867595192,0.6486128793868617,0.1524302911427424,0.2026826555165308,0.9103732647739146,0.7906281156530409,350,mean,PABP_singles
2,Lasso,3,0.8475023969526665,0.1040047733031149,0.1422711601098637,0.739042229959821,0.1480680135359488,0.1847609813557243,0.901190302606758,0.8612855385385011,341,mean,PABP_singles
3,Lasso,4,0.866239720724973,0.1013947361937349,0.131100370308679,0.4898197410853837,0.1886171761036376,0.2900773638296158,0.9052829628145528,0.7409841902862842,341,mean,PABP_singles
4,Lasso,5,0.8430101769543883,0.1066489517782076,0.1441520984895122,0.7273386325590183,0.149642949943949,0.1910744711748766,0.9021920981911268,0.8398946019085602,341,mean,PABP_singles
5,Lasso,6,0.8451766155055541,0.1060132166048686,0.1419957303253442,0.758937351836696,0.1472197848433013,0.1892809058481401,0.9035436493893568,0.8492451217775248,342,mean,PABP_singles
6,Lasso,7,0.8482190374316259,0.1054132172918799,0.1427610725979588,0.7329733323044998,0.1438353202666127,0.1770502376354722,0.9054213604731182,0.7956131605184448,329,mean,PABP_singles
7,Lasso,8,0.8489957755245461,0.1049604023485941,0.1423514424135109,0.655708270939019,0.1574598142958524,0.2014669154652899,0.905764070638729,0.7549330031882375,343,mean,PABP_singles
8,Lasso,9,0.8533837553927351,0.1042451643592896,0.1402623762635864,0.624596046070441,0.1583864314247935,0.2078419276020445,0.9076922391195212,0.7213706864753725,356,mean,PABP_singles
9,Lasso,10,0.8474241827069768,0.1054003691523927,0.1424489150992558,0.7084544871200035,0.1481328623215568,0.1942399386855667,0.9043103229902448,0.7894521563514585,335,mean,PABP_singles
0,Lasso,1,0.8734888565540114,0.0960617112372319,0.1294239337370752,0.6452142432891537,0.1661925702092004,0.218600782633617,0.913296118224964,0.7731569099088417,376,iDCT2,PABP_singles
1,Lasso,2,0.8771557441921018,0.0952489156199355,0.1284450726015061,0.6370134996238396,0.1631788608354229,0.206000798105607,0.9181174902191732,0.8042372881355934,391,iDCT2,PABP_singles
2,Lasso,3,0.8739895634592973,0.0957681444153864,0.1293268269260515,0.6749064857902174,0.1620510849997495,0.2062192944506009,0.9131493864321628,0.8183036930359306,390,iDCT2,PABP_singles
3,Lasso,4,0.8837868895417011,0.0956537257233475,0.1221990691336026,0.561443292043043,0.1752966110353525,0.2689458790373841,0.9141576320172934,0.7553838484546361,389,iDCT2,PABP_singles
4,Lasso,5,0.8692835013462434,0.0973080202329155,0.1315377540628819,0.7372728517136431,0.1461196378706939,0.1875613448353276,0.9135471042346284,0.8459905996296825,398,iDCT2,PABP_singles
5,Lasso,6,0.8678528943164276,0.0970175395251997,0.1311855000329931,0.7648270804963925,0.1451149221934783,0.1869543176359779,0.9130974319262832,0.8461615154536392,399,iDCT2,PABP_singles
6,Lasso,7,0.8725280730370238,0.0964219583224138,0.130830326851864,0.691242130494063,0.1519772923071178,0.1903830209099967,0.9154691023951892,0.7710796182879932,407,iDCT2,PABP_singles
7,Lasso,8,0.8735458918053,0.0965636295548822,0.1302668150581815,0.6863542799878581,0.1459887023413319,0.1922915168024542,0.9170562826924396,0.759271635642523,390,iDCT2,PABP_singles
8,Lasso,9,0.8756921086313426,0.0966205138270784,0.1291515124296344,0.6166315886222702,0.1526794683326334,0.2100351120997589,0.9182368347912554,0.7521428388826196,383,iDCT2,PABP_singles
9,Lasso,10,0.8693509875957164,0.0975248129346226,0.1318163734392767,0.7473798915118992,0.1424709717551009,0.1808086943671092,0.9147511130645436,0.7909202794546764,381,iDCT2,PABP_singles
0,Lasso,1,0.869768640870078,0.1070052614441036,0.1475950341751076,0.7232552698599308,0.1474427322877777,0.1974877283869089,0.8016015923513887,0.7328911865253093,419,iDCT,RL401_2014
1,Lasso,2,0.8692684192775195,0.1067996081596746,0.1475092346828615,0.6947002253201149,0.1571548181192742,0.2134735591187498,0.8047835135587343,0.7080290816635544,407,iDCT,RL401_2014
2,Lasso,3,0.8743695209940779,0.1050190058454444,0.1442760917004646,0.6884540798444698,0.152216333862808,0.2200896167929679,0.8057717078146899,0.677821229892213,421,iDCT,RL401_2014
3,Lasso,4,0.8730483603958812,0.105249286938046,0.1454050541685526,0.6666742861773776,0.1521321369873153,0.2213451089371191,0.8120405711470393,0.6658168650010827,391,iDCT,RL401_2014
4,Lasso,5,0.8720040916291918,0.1053963310574488,0.1448290236344081,0.6162164494774643,0.1779097306562794,0.2555749038445403,0.8005056386343916,0.763322843651312,400,iDCT,RL401_2014
5,Lasso,6,0.8723109111249358,0.10653357159058,0.1457141684885581,0.6714302303090687,0.1576528436070555,0.2212088451928968,0.807044246757453,0.6572588542020397,425,iDCT,RL401_2014
6,Lasso,7,0.8693455381576071,0.1050168407904474,0.1446564294690155,0.6520669466414731,0.177676766327211,0.2670958961904167,0.8039999177043642,0.7466446065897425,411,iDCT,RL401_2014
7,Lasso,8,0.868296096638044,0.1067842733952283,0.1470657622964129,0.7450968097095816,0.1558368754136812,0.2076743305230704,0.8025775142478677,0.7614919103288391,424,iDCT,RL401_2014
8,Lasso,9,0.8688582941933563,0.1052980314559611,0.1459682973770203,0.7219812913793974,0.1693348493025853,0.2244931495517133,0.8051355885668713,0.7184702661404836,420,iDCT,RL401_2014
9,Lasso,10,0.86828218767455,0.1055312595232721,0.147018621715095,0.715062371501142,0.1603505188601834,0.2202940205104004,0.8073989801029037,0.7080237794389446,409,iDCT,RL401_2014
0,Lasso,1,0.8661501137560361,0.1079898749710883,0.1496314769296543,0.7064059473248488,0.1510720993909571,0.2034108250952542,0.7978979735846681,0.7412707992142538,414,mean,RL401_2014
1,Lasso,2,0.8676712744988975,0.1058152557656711,0.1484075578132968,0.7044223078004649,0.1605291678011417,0.2100470932805655,0.8044651014132786,0.7127553895736717,427,mean,RL401_2014
2,Lasso,3,0.8701747247387693,0.1054440186875075,0.146665000278104,0.6292546131266703,0.1626503164238399,0.2400912861055784,0.8021476347951975,0.6654084099974877,413,mean,RL401_2014
3,Lasso,4,0.8689083840459269,0.1064771847518075,0.1477569112474815,0.6369103281204846,0.1596472007864051,0.2310162174633315,0.8052552259273178,0.6726057714086005,419,mean,RL401_2014
4,Lasso,5,0.870171349755537,0.1046502102455549,0.1458622237971349,0.6649566411992709,0.1697696561449104,0.2387951680908293,0.794505427228765,0.7449476400847329,404,mean,RL401_2014
5,Lasso,6,0.8700252593439961,0.1059057123566928,0.1470125355824917,0.6726190454470922,0.1543427758617001,0.2208082990204598,0.8084145757246923,0.6773968581751626,421,mean,RL401_2014
6,Lasso,7,0.8671640229526996,0.1041704186529567,0.1458590819620327,0.6626924332185797,0.1782488463975333,0.2629858689088727,0.8053968099120501,0.6746527783668215,404,mean,RL401_2014
7,Lasso,8,0.8628333146147366,0.1072762403390356,0.150084753815068,0.7565889652677601,0.1560948889238851,0.2029389060093,0.7976124576254919,0.7626315854653767,427,mean,RL401_2014
8,Lasso,9,0.8658725249414724,0.1064288532494022,0.1476206123989529,0.7497997467708941,0.1566258716416526,0.2129658434005563,0.7952658164812717,0.789568100150027,418,mean,RL401_2014
9,Lasso,10,0.8637984897440163,0.1070583741482197,0.1494999522975932,0.7211762920242208,0.1600482967433396,0.2179177748403404,0.8004977339416273,0.7209445135662798,401,mean,RL401_2014
0,Lasso,1,0.8701442547361528,0.1046267596517396,0.1473820333522345,0.7022279246167316,0.1542496883206897,0.204853042458131,0.7997067629912136,0.7167818086620733,442,iDCT2,RL401_2014
1,Lasso,2,0.8687725792198243,0.1054686053190741,0.1477887071935305,0.6875584570078832,0.1577203270213471,0.2159559807070542,0.7957228385758365,0.6874163455908765,451,iDCT2,RL401_2014
2,Lasso,3,0.8729344232542895,0.1037145705014398,0.1450977965749433,0.644200643000129,0.1548702811284197,0.235202048286658,0.7992918261365469,0.6845496179245996,449,iDCT2,RL401_2014
3,Lasso,4,0.8738839395467757,0.1035930965197908,0.1449257456193025,0.6255730195857909,0.15795396151642,0.2345951820650814,0.8038593108782186,0.5736716459932947,440,iDCT2,RL401_2014
4,Lasso,5,0.8721479727300182,0.1036792963129157,0.1447475990834535,0.6159342667923966,0.1808936452782816,0.2556688442450118,0.7933186608059368,0.7369964442307045,440,iDCT2,RL401_2014
5,Lasso,6,0.8749414002956041,0.1043282026799839,0.144205448330979,0.6128011867059172,0.1638144217254398,0.2401351282796726,0.8089887001681592,0.6526726060763912,439,iDCT2,RL401_2014
6,Lasso,7,0.8684331917211247,0.1040215871005604,0.1451606111938229,0.60023964010919,0.1899089149661831,0.2862986069522047,0.8038492008780531,0.7251045694264395,428,iDCT2,RL401_2014
7,Lasso,8,0.8669905752153254,0.1057956327567159,0.1477928631864789,0.7219970145423733,0.1594107804765234,0.2168802042187876,0.796216349258962,0.7630525465518454,420,iDCT2,RL401_2014
8,Lasso,9,0.8711998616399347,0.1035586541420535,0.1446592778974172,0.6638712441298388,0.1757292213973465,0.2468419201717704,0.7974793778759476,0.7324315119073184,422,iDCT2,RL401_2014
9,Lasso,10,0.8660464815393795,0.1046452787370873,0.1482610785576026,0.6903069819563508,0.1720793334754197,0.2296643115320403,0.8014854245660558,0.6565523888865447,432,iDCT2,RL401_2014
0,Lasso,1,0.7344448002094535,0.1225177079370387,0.1798285651721496,0.65578493509504,0.1405631475603137,0.2103010803604361,0.6575551857426429,0.5250922868981666,345,iDCT2,HSP82
1,Lasso,2,0.7314312874492983,0.1240522846081749,0.1823954328672972,0.7226241566316416,0.1229748730063964,0.1744355875543408,0.6483321884821194,0.616340757814305,368,iDCT2,HSP82
2,Lasso,3,0.73373753445907,0.122761448687072,0.1797830492408177,0.6881529183162929,0.1335302198242093,0.2025186478262091,0.6513498279349944,0.6485857107383654,351,iDCT2,HSP82
3,Lasso,4,0.7363483363785055,0.1225163901086267,0.1798998595523998,0.6278984195021909,0.1455660136613744,0.211146841685682,0.6536106958427655,0.6475103208257192,336,iDCT2,HSP82
4,Lasso,5,0.732553984462484,0.1229220697639984,0.1803462330633545,0.6659248817380297,0.1456059079030506,0.2082906850181438,0.641943920865205,0.665588699270337,348,iDCT2,HSP82
5,Lasso,6,0.7274831333281799,0.1237804555304492,0.1825002377382144,0.7164705671469513,0.1316406096889467,0.1878914019377452,0.6527084795704382,0.6386256994214473,340,iDCT2,HSP82
6,Lasso,7,0.7370529346660959,0.1222486420148207,0.1790137710392085,0.6382165154489103,0.1400506722734948,0.2149866769476813,0.6517729409360133,0.6297342528966006,357,iDCT2,HSP82
7,Lasso,8,0.7393152799576622,0.122056511391862,0.1780522242869873,0.6193108333235262,0.1423210255038124,0.2223737901300363,0.6506796875042397,0.5769938987029842,355,iDCT2,HSP82
8,Lasso,9,0.732257349002894,0.124183444682997,0.1821033772521439,0.6741846632870577,0.1278547679874258,0.189115128387288,0.65053631687964,0.5883010802375153,352,iDCT2,HSP82
9,Lasso,10,0.7354153057109514,0.1235399655217218,0.1808542580201848,0.6324556353140716,0.1387087065427507,0.2028294957312545,0.6460666496198837,0.615950021085922,354,iDCT2,HSP82
0,Lasso,1,0.7374777963367707,0.121961642550648,0.1787986744853886,0.6600111379681582,0.1416376301714802,0.2090060760916641,0.6646600995344432,0.5574977656648824,404,mean,HSP82
1,Lasso,2,0.7355975105715945,0.123635111350249,0.1809751814756433,0.6749099523082359,0.132108916298078,0.1888437481435286,0.6539324483660884,0.6015484771776041,402,mean,HSP82
2,Lasso,3,0.7376241491047311,0.1211807433801965,0.178466085348595,0.6811043016093752,0.1386715893352286,0.2047946030299985,0.652848168244771,0.6457827293201612,397,mean,HSP82
3,Lasso,4,0.7423177960285037,0.1216626790840095,0.1778516011844054,0.612758078292788,0.1476539531960325,0.2153996610997889,0.6575913980354287,0.5918450106205936,406,mean,HSP82
4,Lasso,5,0.7349844709253873,0.122588581169694,0.17952489069633,0.6766149312889838,0.1423044853244251,0.2049310497834,0.6498080116610325,0.6601839213301423,395,mean,HSP82
5,Lasso,6,0.7318911690852226,0.1234327062107149,0.1810182243788041,0.7169250299179275,0.1283530707361012,0.187740758156197,0.6562049706878348,0.664800067453937,411,mean,HSP82
6,Lasso,7,0.7392704594617756,0.121824959333256,0.1782573298809053,0.6388133046943609,0.1419478124345294,0.2148092853630172,0.6531450681314149,0.6335834271506139,403,mean,HSP82
7,Lasso,8,0.7416715281997814,0.1210774456920794,0.177245718325767,0.6138728986904766,0.1451034466539416,0.2239564019148607,0.661987169137556,0.5807617252840257,401,mean,HSP82
8,Lasso,9,0.736353768586369,0.1233358530672899,0.1807049314144036,0.6633061877882294,0.1287574741658513,0.192246338771139,0.6548199500491556,0.608279809723371,407,mean,HSP82
9,Lasso,10,0.7392636518887172,0.1226582156784096,0.1795341908559048,0.6468030243478451,0.1372809579756094,0.1988312829599359,0.6489652514865866,0.6238691501564964,408,mean,HSP82
0,Lasso,1,0.723056345094542,0.1256538649409717,0.1836441016122295,0.6551441383795471,0.1432220175602312,0.2104967394056155,0.6464389043364659,0.529532101675794,356,iDCT,HSP82
1,Lasso,2,0.7235996783562488,0.1267907526238129,0.1850356980833117,0.657514197420047,0.1373860049103379,0.1938304754397792,0.6372383623723886,0.565480791264804,349,iDCT,HSP82
2,Lasso,3,0.7251822336868183,0.12477393713759,0.1826485253470421,0.6778205470846759,0.1388942008620303,0.2058463149977296,0.6402219742136108,0.6368298497773578,357,iDCT,HSP82
3,Lasso,4,0.7281728148583768,0.1250376996987392,0.1826678050187422,0.6094273345260527,0.1483518767121526,0.2163240250757564,0.6390998600348614,0.6297378327180859,352,iDCT,HSP82
4,Lasso,5,0.7290232577287261,0.1241719854016696,0.1815327631307152,0.6392175822962447,0.149364445921363,0.2164564169218253,0.6355266470630939,0.6342134552899868,365,iDCT,HSP82
5,Lasso,6,0.7174078040453621,0.1266854535826177,0.1858432634667011,0.7172893397502904,0.1301136654730929,0.1876199106221122,0.6384842406065959,0.627860875955555,348,iDCT,HSP82
6,Lasso,7,0.7237600845795678,0.1255027592170401,0.1834828568187003,0.6634167315708457,0.1371082492003057,0.2073640373123304,0.6364314124265684,0.6138482563563149,364,iDCT,HSP82
7,Lasso,8,0.7290120025637202,0.1246018441703847,0.1815367864171106,0.5839219828642672,0.148806694626519,0.2324800683679602,0.6411381413257187,0.5600739495979924,350,iDCT,HSP82
8,Lasso,9,0.7238734076950128,0.127042330976349,0.1849325411265597,0.6692891246097726,0.1272407489525715,0.1905306059248833,0.6409290479493372,0.5898433977251578,362,iDCT,HSP82
9,Lasso,10,0.7257832580023942,0.1261206826915857,0.1841167765378465,0.6337924887124974,0.1390127075912685,0.2024602881746284,0.6334889538665814,0.6406329898208405,368,iDCT,HSP82
0,Lasso,1,0.8157211651005111,0.0887029204343942,0.1214242292230973,0.6068323167245153,0.1225749894900266,0.1694839155958511,0.7820564784474737,0.7031145757181717,325,mean,IF1_ECOLI
1,Lasso,2,0.8095505817552981,0.0896058089736209,0.1237701060006292,0.6420434061954701,0.1167251754004677,0.1568974077149384,0.7837209622203887,0.6688937263271422,344,mean,IF1_ECOLI
2,Lasso,3,0.8057218416056321,0.0897385988332692,0.124170219691225,0.6929102223786365,0.1114095658427066,0.1557063019093977,0.781418324927968,0.6763837314855687,320,mean,IF1_ECOLI
3,Lasso,4,0.8031789579856969,0.0897086870765338,0.1245692821416716,0.7745739076749645,0.1036215296389817,0.137305702201868,0.7865918246118571,0.6975830515634638,338,mean,IF1_ECOLI
4,Lasso,5,0.8078966286848583,0.0895051302919175,0.1233442972255752,0.6232014358083935,0.1272625750815458,0.1740870827480047,0.7803811036480368,0.7117788140909219,329,mean,IF1_ECOLI
5,Lasso,6,0.8030312525583834,0.0877708591896561,0.1226944550357585,0.6614545271101238,0.135672449749377,0.1864180663505217,0.7868676476782477,0.6259539384426404,329,mean,IF1_ECOLI
6,Lasso,7,0.8074005321267642,0.0905728425806024,0.1247874638743719,0.6614471618506053,0.1088327723371919,0.1487966435339054,0.7799498286067617,0.7201640591607321,338,mean,IF1_ECOLI
7,Lasso,8,0.8107093061190854,0.0882152249690682,0.1224085975874351,0.6190701949741388,0.1247958348639648,0.1754003953290105,0.7772917632542421,0.7521507159384948,326,mean,IF1_ECOLI
8,Lasso,9,0.8075811502348916,0.0886818626058045,0.1241687021465111,0.6594671280405398,0.1166766467826139,0.1565692212048549,0.7867975556939106,0.6499653936196786,327,mean,IF1_ECOLI
9,Lasso,10,0.8021910981522178,0.0901191219677258,0.1248157834516894,0.6970710007090097,0.1182383076070015,0.1598649882336862,0.778262109388186,0.7332308017937699,333,mean,IF1_ECOLI
0,Lasso,1,0.8187709148675588,0.086982812927527,0.1204152732423752,0.6268332748264525,0.1175466392063243,0.1651167142978091,0.7824324455964846,0.7472218204981328,340,iDCT2,IF1_ECOLI
1,Lasso,2,0.8197845156298518,0.0872519767377281,0.1203987531572065,0.5700029862859042,0.1246281158999981,0.1719623234774015,0.788938929915871,0.6113201602823489,340,iDCT2,IF1_ECOLI
2,Lasso,3,0.816335721402998,0.0858817721988396,0.1207307251443572,0.7047055041999246,0.1118729406269454,0.1526866920203091,0.793202227566363,0.6607505514738735,348,iDCT2,IF1_ECOLI
3,Lasso,4,0.8088260443616553,0.0873657827859269,0.122769238358666,0.7659736719221955,0.1042236047575682,0.1399003630128449,0.790079953985349,0.7112627664553168,355,iDCT2,IF1_ECOLI
4,Lasso,5,0.8175822340404442,0.0860674424159223,0.120194652977534,0.5948089440869075,0.1311965161227612,0.1805268703562616,0.7816117310499326,0.7618223708591495,308,iDCT2,IF1_ECOLI
5,Lasso,6,0.8093262785052215,0.0862035667831423,0.120717906682425,0.6448200399261574,0.134404535546101,0.1909429907131416,0.7834778887944138,0.6827294960029379,330,iDCT2,IF1_ECOLI
6,Lasso,7,0.8150845720661011,0.087043276554391,0.1222728374164649,0.6459898552716778,0.1101529782974152,0.1521555362924388,0.7888212400579429,0.7026569177450849,335,iDCT2,IF1_ECOLI
7,Lasso,8,0.8183268834262197,0.085665011648884,0.1199202772682686,0.6358859281328306,0.1181823613163497,0.1714852703105416,0.7867080827393402,0.7151529766751352,356,iDCT2,IF1_ECOLI
8,Lasso,9,0.8128402592015771,0.0874538905053711,0.1224600837675489,0.6804250802313314,0.1081311947371152,0.1516747246014183,0.7839742879958292,0.6532255215468564,329,iDCT2,IF1_ECOLI
9,Lasso,10,0.8075290551687009,0.087482685578429,0.123120162560342,0.7207996318468161,0.1139828873615411,0.1534761613137846,0.7874724153354404,0.7248894229109833,330,iDCT2,IF1_ECOLI
0,Lasso,1,0.8170723492851039,0.0867233069580749,0.1209782519319195,0.6294164414261285,0.11557473169908,0.1645442293350967,0.7902783824312194,0.7628961796618166,350,iDCT,IF1_ECOLI
1,Lasso,2,0.819524492268096,0.0862787961099291,0.1204855803357314,0.6351427132668142,0.1227264584045499,0.1584025237943468,0.8036297367086965,0.6552299537404747,338,iDCT,IF1_ECOLI
2,Lasso,3,0.8149153366746875,0.0863341443492586,0.1211966671565898,0.6811522506935803,0.1183393537359989,0.1586591736645773,0.7993024437141234,0.674430337608288,359,iDCT,IF1_ECOLI
3,Lasso,4,0.8084158099534816,0.0880459790755694,0.1229008911664124,0.7634120437134401,0.1028500724552895,0.1406639466921814,0.8017402590727436,0.7024169796144345,343,iDCT,IF1_ECOLI
4,Lasso,5,0.8179554760195367,0.0864005632906039,0.1200716258668933,0.6284405971376268,0.1244994235888517,0.1728725571585642,0.7917475324958835,0.7419781704380658,333,iDCT,IF1_ECOLI
5,Lasso,6,0.8077527460331894,0.0867684161479902,0.1212149947344575,0.6423141647818997,0.1308617030005638,0.19161537987802,0.7884435862245972,0.6960693003029965,332,iDCT,IF1_ECOLI
6,Lasso,7,0.8133980050575835,0.0877278177927357,0.1228291815922038,0.6610930062055287,0.1060468013780078,0.1488744502912112,0.7920709059282222,0.7521137884269595,335,iDCT,IF1_ECOLI
7,Lasso,8,0.8171037447562569,0.0853933875047407,0.1203232897628396,0.6381146354923601,0.1198436911846878,0.1709596422887918,0.7986485288751916,0.7359477518583,351,iDCT,IF1_ECOLI
8,Lasso,9,0.8149315991123218,0.0871350297195535,0.1217739716746317,0.6522547069567365,0.1170470630028765,0.1582185867290678,0.7954879203173948,0.6106830630347447,329,iDCT,IF1_ECOLI
9,Lasso,10,0.8094939084862363,0.0867908828439224,0.122490109987054,0.7336219192240572,0.1080567831775279,0.1499105431649655,0.7985304596036475,0.7589998143423633,345,iDCT,IF1_ECOLI
0,Lasso,1,0.8569930076016957,0.0917795154133945,0.1275619659825632,0.6198192894287089,0.1532760871770813,0.2248247903470047,0.88069969305818,0.7976576117381792,378,iDCT2,RL401_2013
1,Lasso,2,0.8556216931370575,0.0908745835802392,0.1272216094645093,0.6280799238037275,0.1583259319414304,0.2346857264584189,0.8852086109684913,0.8173472258915566,366,iDCT2,RL401_2013
2,Lasso,3,0.8584433043603674,0.0909079649966151,0.1290326718784566,0.5807201801110535,0.1435363505299636,0.2055643301555818,0.8900867304862674,0.7838242801662243,369,iDCT2,RL401_2013
3,Lasso,4,0.8570875362431268,0.0918049754685153,0.1284448511151254,0.5227182366489034,0.1563072900133808,0.24005552497243,0.8861949571561728,0.7631465902556233,356,iDCT2,RL401_2013
4,Lasso,5,0.8576877954191716,0.0922570427422348,0.1294742112536519,0.6616901599665926,0.1312511290152241,0.1822174034631559,0.8875462300752245,0.817720601970949,392,iDCT2,RL401_2013
5,Lasso,6,0.8534699155888309,0.0931119291366921,0.1317807650287599,0.6249559030964291,0.1396965697806651,0.1852113295711172,0.8843068397607274,0.7703504225866457,370,iDCT2,RL401_2013
6,Lasso,7,0.8550005528759653,0.0932162107602936,0.1303764546896386,0.7171666644972531,0.1196160784199481,0.1717130786039812,0.885592082380253,0.7980743585776854,385,iDCT2,RL401_2013
7,Lasso,8,0.8528000758308967,0.0921422245571366,0.1311660105446885,0.6511395824783147,0.1442324561960115,0.1939200275688142,0.8864529559707818,0.7784873600454936,378,iDCT2,RL401_2013
8,Lasso,9,0.8548164476952644,0.0925188487590716,0.1304637588902107,0.6687283033580602,0.1371786792728844,0.1855292955281646,0.8825991253355985,0.8080895746668516,373,iDCT2,RL401_2013
9,Lasso,10,0.8560916677982995,0.0909542482303926,0.1275186600851012,0.6748557037834824,0.1437508257892396,0.2133320257932951,0.8876618385114609,0.8355977912167698,369,iDCT2,RL401_2013
0,Lasso,1,0.8530925170676689,0.0899418976130502,0.1292898781979867,0.626041809849657,0.1535369234573184,0.2229773155818893,0.8819116726163656,0.8204486669534592,357,mean,RL401_2013
1,Lasso,2,0.8482955633012186,0.0919880045942583,0.1304094473129592,0.6836285992520008,0.1489182651277602,0.2164514374516688,0.8755412838554648,0.8337493719124393,352,mean,RL401_2013
2,Lasso,3,0.8491093042171733,0.0931530228236302,0.1332188599310488,0.6155605497225782,0.1390359625384563,0.1968383659634466,0.875990975818894,0.8183040722601976,348,mean,RL401_2013
3,Lasso,4,0.8483114432272046,0.0928152332529295,0.1323299218875136,0.5528356816724609,0.1482868401976081,0.2323581212916637,0.8747983583759746,0.7914242656982992,335,mean,RL401_2013
4,Lasso,5,0.8505395116734815,0.0927738993451808,0.1326860908455779,0.6324217764299391,0.1364115891306418,0.1899360605901777,0.8805568798710887,0.7625413966578386,364,mean,RL401_2013
5,Lasso,6,0.8519671850926552,0.0919498978171582,0.132454776234076,0.6549164652816493,0.1319244170939828,0.1776595269027245,0.8809209233926226,0.7721683171708544,356,mean,RL401_2013
6,Lasso,7,0.8505468908541535,0.0928308351888548,0.132363569720406,0.6949250228831252,0.1259942488736055,0.1783369647172857,0.8798301775751335,0.7957397186797496,353,mean,RL401_2013
7,Lasso,8,0.8455782221085609,0.0937673123277423,0.1343450875051048,0.6577055763197146,0.1353236635932772,0.1920864490527258,0.8794988577900691,0.8061225993916624,362,mean,RL401_2013
8,Lasso,9,0.8454152447971899,0.0943907820693039,0.134621526018479,0.7217453526048102,0.1259826316842882,0.1700362595624069,0.8781628404692524,0.8142139318723631,357,mean,RL401_2013
9,Lasso,10,0.8481182143230709,0.0918130410567564,0.1310037169227104,0.7076444374252746,0.1393241828514469,0.2022896524367111,0.8835362183231241,0.8396568529660897,339,mean,RL401_2013
0,Lasso,1,0.8547714394922395,0.0918473722961863,0.1285489648465729,0.6226366422092211,0.1522719116943089,0.2239902022401909,0.8809289423544688,0.809426979502766,370,iDCT,RL401_2013
1,Lasso,2,0.851265146355898,0.0918320196209354,0.1291267702407934,0.6137454138274905,0.1628866390168197,0.2391655869908001,0.8778287777710267,0.8239784420308304,373,iDCT,RL401_2013
2,Lasso,3,0.8492299120006372,0.0943032301182087,0.1331656079950383,0.6508735292469434,0.1398407895827856,0.1875802742415517,0.8784200445784202,0.8389109980217029,380,iDCT,RL401_2013
3,Lasso,4,0.8536827666435491,0.0927940227427958,0.1299658904984569,0.5002988024928263,0.1596881933099641,0.2456289098259892,0.880457293078976,0.7762070793492573,353,iDCT,RL401_2013
4,Lasso,5,0.8521240411340829,0.0935754517822048,0.1319808702469085,0.6371637914241299,0.1382810617901209,0.1887069298532599,0.8868487331304966,0.7365279234296418,349,iDCT,RL401_2013
5,Lasso,6,0.8483772462118465,0.0949248778078894,0.1340512334968505,0.6915546620340527,0.1249042759448524,0.1679637211093694,0.8819274267951352,0.8324667076938392,379,iDCT,RL401_2013
6,Lasso,7,0.8494882470299832,0.0938762104928806,0.1328315379269875,0.6784768033747147,0.1294876560545343,0.1830814032753007,0.8858794368179747,0.7695776735923274,365,iDCT,RL401_2013
7,Lasso,8,0.8538595929272829,0.091451322341341,0.1306931040193049,0.6113084799400754,0.1489266341596137,0.2046912834266819,0.8852181706314068,0.7865988172716365,361,iDCT,RL401_2013
8,Lasso,9,0.8475361837473753,0.0945573220204973,0.1336948169825907,0.6276964945875818,0.1452270371895136,0.1966839366644452,0.8800897436832252,0.8023289244984493,363,iDCT,RL401_2013
9,Lasso,10,0.8513515845441622,0.0920817507356274,0.1296017640005216,0.6608317582350423,0.1478230335315068,0.2178841193460423,0.8848917675803688,0.8139184384861199,376,iDCT,RL401_2013
0,Lasso,1,0.7793505728439702,0.1244382234569736,0.1862975914577614,0.5945918046807874,0.1738286569903143,0.2608644546264889,0.7935082977339606,0.613741719695761,457,mean,DLG4
1,Lasso,2,0.7737081143854335,0.1256166823968101,0.1884255825995872,0.6272700635037343,0.1839636862987252,0.2517373571901447,0.7832812516125616,0.7339389729838023,427,mean,DLG4
2,Lasso,3,0.7885359650306483,0.1228125531906178,0.1816464293865802,0.4925011736940201,0.1978541614136852,0.3000066831856645,0.7867860506867521,0.6562916114599187,443,mean,DLG4
3,Lasso,4,0.7803510766661794,0.1239552540999616,0.1853048164504481,0.6174127159459053,0.1719378093358548,0.2602103126074871,0.792087011226929,0.7016138923280181,441,mean,DLG4
4,Lasso,5,0.7790665617474708,0.1258329278963952,0.1881891429800568,0.6231138611593614,0.1673723997294791,0.2299595930675938,0.79347193105662,0.6497118265682436,438,mean,DLG4
5,Lasso,6,0.7820511606546885,0.1243249958109784,0.187034636011295,0.5565603780821569,0.1689722659799937,0.2479236119520215,0.7932736828107747,0.6429469984221761,447,mean,DLG4
6,Lasso,7,0.7803654449763102,0.1227438920742792,0.1841756948098096,0.5708157200993911,0.1836417214721903,0.2871108542825231,0.7848049274000541,0.7001203519466189,431,mean,DLG4
7,Lasso,8,0.7782649975917578,0.125396335508878,0.1871950503853713,0.6474349549336021,0.1713542582847164,0.2387147796240738,0.7910582613508971,0.6813962183062666,432,mean,DLG4
8,Lasso,9,0.7951808032134678,0.1236144737679501,0.1840252936701648,0.2843611602177087,0.1749880018899352,0.2594539218447189,0.7963829882476922,0.6331302539444502,461,mean,DLG4
9,Lasso,10,0.7760836413433543,0.1269347294817585,0.1884945189984394,0.6293465912146594,0.1632904285915927,0.2401548730227621,0.7854691369435399,0.7213277911358964,443,mean,DLG4
0,Lasso,1,0.7971847871107799,0.1210320279754316,0.1786101362990854,0.6464135880374162,0.16711680983272,0.243621957196299,0.7917596733319819,0.6994713714323724,414,iDCT,DLG4
1,Lasso,2,0.794068819836372,0.1214903949896305,0.1797489782140037,0.7206713994026912,0.1659024401048222,0.2179255916249582,0.7849598628872498,0.7282721692382012,433,iDCT,DLG4
2,Lasso,3,0.8132782162888919,0.1165177701048985,0.1706892231097628,0.5678010413837853,0.1819218854164084,0.2768568456450017,0.7944342364394669,0.6752378778978484,418,iDCT,DLG4
3,Lasso,4,0.8007379461952105,0.1201221153733742,0.1764958383241333,0.6746559849089258,0.1592819802217567,0.2399554673699303,0.7899507623588664,0.6886696980966689,420,iDCT,DLG4
4,Lasso,5,0.8042855670582685,0.1207401611697942,0.1771231249408731,0.6427756948347214,0.1687486717531604,0.2238808509387264,0.7970822764554704,0.6139253672703148,422,iDCT,DLG4
5,Lasso,6,0.8072604300006675,0.1174888775807418,0.1758855662937497,0.5653819216973119,0.1757796782791643,0.2454451960760751,0.8040221079205089,0.6515311510592228,435,iDCT,DLG4
6,Lasso,7,0.8014558520502677,0.1173875901574321,0.1751098306705543,0.6234952509168402,0.1777592515285917,0.2689137057631721,0.7947297736869736,0.686593712192296,424,iDCT,DLG4
7,Lasso,8,0.8033872686999857,0.1190797641817269,0.176271886363335,0.6260364801653218,0.1709092521115245,0.2458523148497542,0.7931751025613845,0.7300749661214851,412,iDCT,DLG4
8,Lasso,9,0.8144620246904244,0.1198442172748487,0.1751493768959673,0.3435879850380625,0.1605392588197424,0.2484857849271705,0.7977729480883987,0.6819663787732171,411,iDCT,DLG4
9,Lasso,10,0.80139116269861,0.1212244814742858,0.1775231924741077,0.67176881850688,0.1500737628816232,0.2259942149628808,0.7915224561016995,0.7233181399517048,429,iDCT,DLG4
0,Lasso,1,0.8149090134151169,0.1142589727638259,0.170627282173791,0.6394545426548544,0.1657991505997526,0.2460076760527554,0.8116162390699692,0.6853335082458677,439,iDCT2,DLG4
1,Lasso,2,0.8119604278937653,0.1143674016835735,0.1717631528185619,0.6938344146201134,0.1680311323042221,0.228154330812591,0.8029107864187908,0.7526709075873169,465,iDCT2,DLG4
2,Lasso,3,0.8206290291427858,0.1129261209296879,0.1672956649276554,0.5743126066410273,0.1760751340393128,0.27476335002717,0.8058849841222204,0.7115836964591864,440,iDCT2,DLG4
3,Lasso,4,0.8161682823406282,0.1150369143053491,0.1695244682615911,0.6618526343271192,0.1605635081984218,0.2446314237741449,0.8091879945340302,0.6781784470364408,434,iDCT2,DLG4
4,Lasso,5,0.8166833323352428,0.1158929018957647,0.1714213124451849,0.6852272018930521,0.1496684283520615,0.2101575738727081,0.807950383597224,0.6734951296133848,440,iDCT2,DLG4
5,Lasso,6,0.8201947638773626,0.1134680306701427,0.1698814369646992,0.5372833739365208,0.1731334888356783,0.2532550972151475,0.813875971737252,0.6711550696793663,448,iDCT2,DLG4
6,Lasso,7,0.8129159231957854,0.1137038757222942,0.1699810060153128,0.6195777443244421,0.1782228814245413,0.2703090999219321,0.8035157499120333,0.7008391842376748,443,iDCT2,DLG4
7,Lasso,8,0.8163083385395997,0.1147297701999008,0.1703813107956725,0.6569549322531254,0.1656539069791529,0.2354698310135283,0.808994112541056,0.7382182608247153,435,iDCT2,DLG4
8,Lasso,9,0.8258779654803717,0.1143542092532061,0.1696754683424974,0.3613999924198201,0.164126494673654,0.2450912168126947,0.8113662237243382,0.6465021437243172,452,iDCT2,DLG4
9,Lasso,10,0.8120826882401752,0.1157689817794762,0.1726788749446351,0.6797293148910364,0.1509363097073038,0.2232369079784048,0.8077302744682454,0.7027253766332464,457,iDCT2,DLG4
0,Lasso,1,0.6982593053228823,0.1191600024991984,0.1673890057250877,0.5656688915226942,0.1469021448645839,0.1927932407829403,0.8539447114001143,0.7201541531123753,387,iDCT2,RASH_HUMAN
1,Lasso,2,0.6923155192331062,0.1205510797993169,0.1686294787654456,0.644525508761336,0.1275257525032196,0.178459070766398,0.8469273212999905,0.8239173767225699,385,iDCT2,RASH_HUMAN
2,Lasso,3,0.6929002226762739,0.120131788134819,0.1692216607764644,0.626947899318366,0.1299506027061382,0.1751397841046823,0.8522089770673322,0.7761640217023704,389,iDCT2,RASH_HUMAN
3,Lasso,4,0.6898738265821124,0.1185250499353615,0.1681899211626104,0.6559132655937931,0.1450781998748616,0.185878740414195,0.8474961943101238,0.8262562247991929,383,iDCT2,RASH_HUMAN
4,Lasso,5,0.7102418559299143,0.1193867768542308,0.1605655963037455,0.4947086775242071,0.1378477889446451,0.2467636718734275,0.8515580974495291,0.7978693179594666,368,iDCT2,RASH_HUMAN
5,Lasso,6,0.6959508465006692,0.118692320228446,0.1681629057507448,0.6128442923043323,0.1412256409839306,0.1803536951302703,0.8524060451766432,0.7736673747286066,378,iDCT2,RASH_HUMAN
6,Lasso,7,0.6955447483376749,0.1201849758310515,0.1687877368200306,0.5963247981163387,0.1312844469512965,0.1785100656120807,0.8520772745143278,0.7590637928848384,376,iDCT2,RASH_HUMAN
7,Lasso,8,0.6946257377156145,0.1188124888133543,0.1675131356499401,0.5869293030864458,0.1489011440396525,0.1974631286324701,0.8499182968302209,0.7570401810801882,372,iDCT2,RASH_HUMAN
8,Lasso,9,0.6912109653930448,0.1201576223921992,0.1693554393041347,0.6461587870248668,0.1349420179823106,0.1721794315894596,0.8505233959562072,0.800335925038312,380,iDCT2,RASH_HUMAN
9,Lasso,10,0.7036444635082961,0.1183451256392739,0.1645075394193697,0.5164647019937183,0.1449755164696021,0.2188354145091101,0.8508688215026344,0.770883783398791,372,iDCT2,RASH_HUMAN
0,Lasso,1,0.6945430770224452,0.1189190024469374,0.1684166300580263,0.5800383718151372,0.1389381050246017,0.1895772158838256,0.852124673856948,0.7474799919764409,377,mean,RASH_HUMAN
1,Lasso,2,0.6959761343031663,0.1185451506036336,0.1676233593999059,0.6088085476708847,0.1376735669776274,0.1872100179855953,0.8504567238137823,0.7768907933536247,388,mean,RASH_HUMAN
2,Lasso,3,0.6934182095023699,0.119124390700034,0.1690788870095679,0.6124850941741309,0.1373955227935649,0.1785024869725393,0.8523676884411219,0.7607832078925463,374,mean,RASH_HUMAN
3,Lasso,4,0.6847929456800911,0.1189504903299098,0.1695620743691374,0.676458022351818,0.1396609308007515,0.1802441067594619,0.8431533031864198,0.8362690062899663,380,mean,RASH_HUMAN
4,Lasso,5,0.7079520245340043,0.1189522658140197,0.1611987875135235,0.4651659454557069,0.143396939774722,0.2538749378728815,0.8461733067856541,0.7906577305806055,373,mean,RASH_HUMAN
5,Lasso,6,0.692988741466755,0.1184798496510655,0.1689800579643252,0.6236022345755944,0.1393093405202252,0.1778302871516428,0.8482877607977629,0.7882416061787665,371,mean,RASH_HUMAN
6,Lasso,7,0.6949004173408844,0.1190816107523218,0.1689662485884771,0.6005534783781397,0.1295243811951447,0.1775726172745668,0.8502256050460738,0.771743554262225,378,mean,RASH_HUMAN
7,Lasso,8,0.6906306823099237,0.1189002206177424,0.1686053195077315,0.6181392053523991,0.1422948548234107,0.1898568871736555,0.8480043428633947,0.772746163707886,389,mean,RASH_HUMAN
8,Lasso,9,0.691325735571874,0.1195701569145474,0.1693239635095222,0.6489032807586221,0.1307863200911949,0.171510395276181,0.8497305907592376,0.8044880273874393,378,mean,RASH_HUMAN
9,Lasso,10,0.700855353101467,0.1186044419426732,0.1652798468856564,0.5343459300720571,0.1398704132572063,0.2147510104880985,0.8484802092184425,0.8009072793672211,383,mean,RASH_HUMAN
0,Lasso,1,0.6941145260033175,0.1194342920789199,0.1685347315244525,0.5826100094276554,0.142600346565092,0.1889958859493022,0.8493453541102315,0.7311510803218337,367,iDCT,RASH_HUMAN
1,Lasso,2,0.688089079568193,0.1212835972323763,0.1697836993378123,0.6415482607307583,0.1269368604012613,0.1792048472765226,0.8434427374366331,0.8189423825125172,358,iDCT,RASH_HUMAN
2,Lasso,3,0.6881959698550562,0.1214022489516439,0.1705128307493253,0.6284946324642762,0.1284328543161276,0.1747763283229564,0.8472454123859687,0.7725611723698859,367,iDCT,RASH_HUMAN
3,Lasso,4,0.6887436522317341,0.1184985033787793,0.1684961047229004,0.6479550624528949,0.1473606076876253,0.1880159995270287,0.8453384620698144,0.8217600104810212,352,iDCT,RASH_HUMAN
4,Lasso,5,0.7075698904026935,0.1195525876848821,0.1613042144070234,0.4947893681659686,0.1398369616698528,0.2467439680776676,0.8487632936061232,0.7991673880341184,372,iDCT,RASH_HUMAN
5,Lasso,6,0.6922257470085977,0.1197514795180073,0.169189905059142,0.6415816613613146,0.1345885963288281,0.1735311011980112,0.8465290626578517,0.8059152391939677,371,iDCT,RASH_HUMAN
6,Lasso,7,0.6946815458023362,0.1201500988770482,0.1690268440051471,0.6029670123470563,0.1294549498279445,0.1770353402286167,0.8508949739148585,0.7539016456570027,367,iDCT,RASH_HUMAN
7,Lasso,8,0.6934446123596923,0.1185830302318403,0.167836776327512,0.5972759288894577,0.1489949413720177,0.1949744097673429,0.8491972112334116,0.7607442007535615,377,iDCT,RASH_HUMAN
8,Lasso,9,0.689884164938652,0.1202309384208415,0.1697188913586771,0.6257555078752164,0.1381767435867356,0.1770739890070779,0.8474185545468086,0.7862524321692835,362,iDCT,RASH_HUMAN
9,Lasso,10,0.7041973000273691,0.1185584562550767,0.1643540274758387,0.512305746142133,0.1458864955924964,0.2197745167528056,0.8501928875370317,0.7643781708208561,365,iDCT,RASH_HUMAN
