,Model,Fold,Accuracy_train,Recall_train,Precision_train,F1_score_train,Accuracy_test,Recall_test,Precision_test,F1_score_test,class_0_non_zero_coef,class_1_non_zero_coef,class_2_non_zero_coef,class_3_non_zero_coef,class_4_non_zero_coef,class_0_accuracy,class_1_accuracy,class_2_accuracy,class_3_accuracy,class_4_accuracy,Compression_methd
0,LogR,1,0.9995834201208081,0.9992755640589737,0.999774647887324,0.9995246822363612,0.7808988764044944,0.6647424120682925,0.7075786996175346,0.6802674054027897,1164,930,954,1474,959,0.7021276595744681,0.48717948717948717,0.3333333333333333,0.8770949720670391,0.9239766081871345,iDCT2
1,LogR,2,0.9993751301812123,0.99914179085101,0.9996617812852311,0.999401264249775,0.7715355805243446,0.6270107390828938,0.7143363128573059,0.6491628946358758,1161,918,951,1465,983,0.6601941747572816,0.24324324324324326,0.41304347826086957,0.8784530386740331,0.9401197604790419,iDCT2
2,LogR,3,0.9993751301812123,0.9991410405320531,0.9996621621621621,0.9994010788548344,0.7808988764044944,0.6484932314666119,0.6791492149388998,0.6581903494644549,1183,890,931,1476,1016,0.7920792079207921,0.24324324324324326,0.44680851063829785,0.8603351955307262,0.9,iDCT2
3,LogR,4,0.9997917100604041,0.9998648648648649,0.9998856489422527,0.9998752177190839,0.7584269662921348,0.6367610201975527,0.6728085382316753,0.646943295587387,1163,853,935,1499,992,0.7647058823529411,0.2857142857142857,0.39215686274509803,0.8333333333333334,0.9078947368421053,iDCT2
4,LogR,5,0.9993751301812123,0.999483347310411,0.9996555683122846,0.9995691420146808,0.7865168539325843,0.6474603596421296,0.7245281484890321,0.672431148618718,1167,918,1005,1542,980,0.675,0.425,0.3333333333333333,0.892018779342723,0.9119496855345912,iDCT2
5,LogR,6,0.9995835068721366,0.9996158392936192,0.9997723392145703,0.9996939247047534,0.7917448405253283,0.6549669392431179,0.6879575359941841,0.6670691085407432,1166,918,958,1495,976,0.7176470588235294,0.41379310344827586,0.36363636363636365,0.8527918781725888,0.9269662921348315,iDCT2
6,LogR,7,0.9995835068721366,0.9996161758318716,0.9997733711048159,0.9996946091962707,0.7617260787992496,0.6507969995311768,0.6817164607038867,0.662433182275558,1164,893,908,1490,994,0.6888888888888889,0.325,0.48214285714285715,0.8465608465608465,0.9113924050632911,iDCT2
7,LogR,8,0.9993752603082049,0.9991398465639559,0.9996613995485326,0.9994000969665422,0.7560975609756098,0.6507427427342104,0.7017164405582572,0.6688648477200551,1174,900,941,1490,997,0.6530612244897959,0.35555555555555557,0.48,0.8415300546448088,0.9235668789808917,iDCT2
8,LogR,9,0.9991670137442732,0.9992398603811647,0.999538372763993,0.99938845899143,0.799249530956848,0.6586799767968637,0.6990559801779023,0.6743320754232005,1167,916,939,1469,1007,0.6493506493506493,0.37142857142857144,0.4473684210526316,0.8565022421524664,0.96875,iDCT2
9,LogR,10,0.9995835068721366,0.999618127974758,0.9997714285714286,0.9996946141530529,0.7711069418386491,0.6570637599981132,0.7056728157683121,0.6743941233420253,1191,902,951,1475,950,0.6987951807228916,0.41025641025641024,0.425531914893617,0.8382352941176471,0.9125,iDCT2
0,LogR,1,0.853363882524474,0.7805466475606508,0.8569257558995087,0.8111864069713202,0.7078651685393258,0.5796427181783178,0.6207374225643859,0.593277217474017,532,475,471,575,511,0.5638297872340425,0.3076923076923077,0.3333333333333333,0.8044692737430168,0.8888888888888888,pca1
1,LogR,2,0.8485732139137679,0.7707622504565466,0.8531917457774609,0.8031203719121665,0.7378277153558053,0.5992460426770029,0.6882540369165472,0.6222850362175374,522,494,482,566,518,0.6601941747572816,0.24324324324324326,0.3695652173913043,0.8729281767955801,0.8502994011976048,pca1
2,LogR,3,0.8500312434909394,0.7755670083985609,0.8567899203794825,0.8076505042945297,0.702247191011236,0.5773375225691326,0.6297001861599048,0.5946099151708628,516,486,498,563,530,0.504950495049505,0.2702702702702703,0.425531914893617,0.8212290502793296,0.8647058823529412,pca1
3,LogR,4,0.8556550718600292,0.7837903259921278,0.8608028495449963,0.8146730902942434,0.7172284644194756,0.5983362818811735,0.6329467280686794,0.6103555161482309,530,478,470,567,509,0.6352941176470588,0.23809523809523808,0.45098039215686275,0.8186274509803921,0.8486842105263158,pca1
4,LogR,5,0.8566965215580088,0.784163924756456,0.8619816733647128,0.8147893286854654,0.704119850187266,0.5670236513420143,0.6148187106312551,0.5836271621406085,530,485,476,554,509,0.525,0.325,0.3333333333333333,0.8215962441314554,0.8301886792452831,pca1
5,LogR,6,0.8494377342773844,0.777941133632474,0.8567685984483097,0.8091381445262383,0.7298311444652908,0.5887329296240604,0.6176227106227106,0.596817939604638,535,478,480,572,519,0.6705882352941176,0.27586206896551724,0.3409090909090909,0.7461928934010152,0.9101123595505618,pca1
6,LogR,7,0.8567263640149938,0.782469568166698,0.8577525999710358,0.8125124248386049,0.7073170731707317,0.583047351148617,0.650378765441672,0.6002778169007131,519,489,487,561,505,0.5888888888888889,0.325,0.30357142857142855,0.8306878306878307,0.8670886075949367,pca1
7,LogR,8,0.8561016243231987,0.7813047027642999,0.8663012122777033,0.814704037656211,0.6979362101313321,0.5692641984990022,0.6465249755386232,0.5833406184630017,512,475,488,564,512,0.6326530612244898,0.17777777777777778,0.36,0.8032786885245902,0.8726114649681529,pca1
8,LogR,9,0.8481882548937942,0.7725686669696334,0.8565311616740521,0.8046180115135328,0.7410881801125704,0.6068704578404838,0.6260576409349415,0.6149058166325924,532,487,462,551,512,0.5324675324675324,0.34285714285714286,0.4473684210526316,0.8116591928251121,0.9,pca1
9,LogR,10,0.8461057892544773,0.7718629832527198,0.8490749225183978,0.8023084821077985,0.699812382739212,0.5750737729970619,0.632280914487811,0.5907483018344808,535,468,473,571,526,0.6385542168674698,0.3076923076923077,0.2978723404255319,0.75,0.88125,pca1
0,LogR,1,0.9291814205373881,0.890803453635684,0.9365410203128615,0.9113403826205306,0.7883895131086143,0.6998711434350072,0.7596889265099269,0.7229380138837629,490,440,465,533,441,0.6595744680851063,0.5128205128205128,0.5490196078431373,0.8715083798882681,0.9064327485380117,maxPool
1,LogR,2,0.924182461987086,0.8868956791901674,0.9305432048791623,0.9066219863665104,0.8146067415730337,0.6863165938013158,0.7435755415278263,0.7050816428004995,475,467,473,532,461,0.7766990291262136,0.2702702702702703,0.5434782608695652,0.8950276243093923,0.9461077844311377,maxPool
2,LogR,3,0.9245990418662778,0.888772361590757,0.9288613726789645,0.9069897509354037,0.8277153558052435,0.7390142898281915,0.7666001884624818,0.7510867070423675,488,442,459,545,445,0.7524752475247525,0.4594594594594595,0.6595744680851063,0.888268156424581,0.9352941176470588,maxPool
3,LogR,4,0.9252239116850656,0.8857235692471741,0.9318416836586753,0.9063907914833503,0.8108614232209738,0.7081306206693203,0.7663271399120456,0.7267425031529917,490,455,461,539,439,0.8235294117647058,0.38095238095238093,0.5294117647058824,0.8725490196078431,0.9342105263157895,maxPool
4,LogR,5,0.9252239116850656,0.8884379835129984,0.9312630766767305,0.9077052217780507,0.8089887640449438,0.6720022018905888,0.7232797903850535,0.6872022819988481,479,465,456,528,444,0.75,0.3,0.47619047619047616,0.8967136150234741,0.9371069182389937,maxPool
5,LogR,6,0.9254477301124532,0.886812147914276,0.9293190407190253,0.905842154264251,0.8273921200750469,0.7175274396031301,0.7436542846118769,0.7286753596966407,479,477,456,548,451,0.7764705882352941,0.4827586206896552,0.5227272727272727,0.8730964467005076,0.9325842696629213,maxPool
6,LogR,7,0.9283631820074969,0.8871807289002426,0.9348685303694589,0.9083378903906343,0.7804878048780488,0.6948630366351887,0.7640469425089079,0.7202553864307366,502,452,466,537,440,0.6555555555555556,0.525,0.5178571428571429,0.8518518518518519,0.9240506329113924,maxPool
7,LogR,8,0.9264889629321116,0.8889388072217053,0.9322733611121622,0.9085021553239141,0.7879924953095685,0.6721180350599048,0.7425948358466481,0.6930901807829096,485,460,450,541,448,0.7244897959183674,0.4,0.4,0.8743169398907104,0.9617834394904459,maxPool
8,LogR,9,0.9262807163681799,0.888821904631153,0.9347847241036777,0.9093429467548029,0.8086303939962477,0.7102004067445418,0.7406525660459357,0.7194355923505462,477,445,477,545,450,0.7272727272727273,0.5142857142857142,0.5263157894736842,0.820627802690583,0.9625,maxPool
9,LogR,10,0.9298209079550187,0.8936738823525637,0.9384562433873771,0.9138157698447102,0.797373358348968,0.6807795589791533,0.7303928073334868,0.7003062353943303,490,451,453,545,437,0.6506024096385542,0.358974358974359,0.574468085106383,0.8823529411764706,0.9375,maxPool
0,LogR,1,0.9075192668194126,0.8460302068911055,0.8976785260615052,0.8676826315055639,0.8220973782771536,0.7280084412544533,0.7898009679239024,0.7515395038634083,385,328,349,437,356,0.723404255319149,0.48717948717948717,0.5882352941176471,0.8938547486033519,0.9473684210526315,bos
1,LogR,2,0.9137679650072902,0.859823409588848,0.9103038780075703,0.8813319339269409,0.8089887640449438,0.6749705905640576,0.7444901731385629,0.6967356988119381,399,335,348,432,355,0.7475728155339806,0.2972972972972973,0.4782608695652174,0.9116022099447514,0.9401197604790419,bos
2,LogR,3,0.9071026869402208,0.8488489717507948,0.9024397250576992,0.871264869209426,0.8408239700374532,0.7526213104962775,0.786166348567118,0.7659606935728727,385,334,349,438,363,0.7821782178217822,0.4594594594594595,0.6808510638297872,0.8994413407821229,0.9411764705882353,bos
3,LogR,4,0.9087690064569881,0.8531884574372958,0.9033183181547813,0.8748428169869007,0.8089887640449438,0.69437490785788,0.7635064473051829,0.7145039477462185,391,317,345,445,354,0.788235294117647,0.35714285714285715,0.49019607843137253,0.8823529411764706,0.9539473684210527,bos
4,LogR,5,0.90918558633618,0.8495851765294731,0.8997614626082171,0.8706868422493624,0.8576779026217228,0.7841745124837074,0.8047461259930137,0.7920078155193885,392,345,356,436,348,0.6875,0.6,0.7619047619047619,0.9154929577464789,0.9559748427672956,bos
5,LogR,6,0.9079550187421908,0.8532521514808827,0.9000126138958358,0.8734098335927214,0.8424015009380863,0.7081744711132377,0.7453578702505383,0.7209771651584507,395,338,357,432,359,0.8588235294117647,0.3448275862068966,0.5,0.8934010152284264,0.9438202247191011,bos
6,LogR,7,0.9112869637650979,0.8556746461845173,0.9030274735592568,0.8756043617233994,0.801125703564728,0.7050401848503114,0.7521212218701241,0.7234148240882219,384,340,333,436,338,0.6888888888888889,0.475,0.5357142857142857,0.8888888888888888,0.9367088607594937,bos
7,LogR,8,0.9110787172011662,0.8549697752612708,0.9070957147599324,0.8770576877253422,0.8255159474671669,0.7364680005029055,0.784491609894777,0.7543731473879112,393,327,361,439,356,0.7959183673469388,0.4666666666666667,0.58,0.8907103825136612,0.9490445859872612,bos
8,LogR,9,0.9112869637650979,0.8576391606699962,0.9049971662658015,0.877474379259481,0.8292682926829268,0.7073372140604263,0.7481688380367866,0.7219344460549806,392,339,353,449,363,0.7922077922077922,0.34285714285714286,0.5789473684210527,0.8789237668161435,0.94375,bos
9,LogR,10,0.9089962515618493,0.8532846688282165,0.8996981321579014,0.8729795900967373,0.8161350844277674,0.7055219689772858,0.7652447043074257,0.7206558655751613,398,338,339,437,371,0.6987951807228916,0.3333333333333333,0.6595744680851063,0.8921568627450981,0.94375,bos
0,LogR,1,0.6598625286398667,0.5408000521278555,0.7070368501267461,0.5817768052648977,0.5224719101123596,0.37438144714319466,0.4200532966857845,0.37081225710755666,479,393,420,523,518,0.32978723404255317,0.05128205128205128,0.11764705882352941,0.6480446927374302,0.7251461988304093,rbf2
1,LogR,2,0.6542387002707769,0.5342503935073188,0.6985176864298842,0.5749022980148778,0.5280898876404494,0.3855022500389623,0.4737233322495486,0.391630545813708,472,395,450,519,505,0.30097087378640774,0.10810810810810811,0.13043478260869565,0.6574585635359116,0.7305389221556886,rbf2
2,LogR,3,0.6604873984586545,0.5441659295441376,0.7117524719261008,0.5867633659566744,0.5299625468164794,0.3941996578412653,0.4546274564358286,0.40168576134041645,500,377,434,526,509,0.31683168316831684,0.13513513513513514,0.14893617021276595,0.6759776536312849,0.6941176470588235,rbf2
3,LogR,4,0.6619454280358259,0.5379410683370226,0.7133140627249611,0.5783167298813419,0.48314606741573035,0.3542127377266696,0.3936641541038526,0.3551935292253791,468,380,424,524,510,0.35294117647058826,0.09523809523809523,0.0784313725490196,0.5931372549019608,0.6513157894736842,rbf2
4,LogR,5,0.6598625286398667,0.5454587949287577,0.7057575930206459,0.5860870520000299,0.5093632958801498,0.33276723232476624,0.338136047979798,0.32382836946489274,487,389,440,539,521,0.25,0.025,0.047619047619047616,0.6619718309859155,0.6792452830188679,rbf2
5,LogR,6,0.6566014160766347,0.5371908548941354,0.7066361818349185,0.5774614536552136,0.5609756097560976,0.40397114636198417,0.4617503566193282,0.4155275400363549,479,392,421,524,512,0.32941176470588235,0.10344827586206896,0.20454545454545456,0.6802030456852792,0.702247191011236,rbf2
6,LogR,7,0.6593086214077468,0.5368762999005507,0.7045834224219595,0.5773052779840252,0.5103189493433395,0.38590884736454356,0.48639653265677857,0.39581693221806746,474,386,430,512,513,0.3111111111111111,0.2,0.08928571428571429,0.6772486772486772,0.6518987341772152,rbf2
7,LogR,8,0.6663890045814244,0.5422818537369949,0.7125625242259536,0.5823527851755486,0.4971857410881801,0.3594659711227083,0.409604119425548,0.3540716851792383,466,394,433,518,517,0.30612244897959184,0.06666666666666667,0.08,0.6502732240437158,0.6942675159235668,rbf2
8,LogR,9,0.6551436901291129,0.5371153856682049,0.7002752119685833,0.5762910937212701,0.5534709193245778,0.3776963914065637,0.43071973040198996,0.3813469769450002,486,399,440,533,496,0.2597402597402597,0.11428571428571428,0.10526315789473684,0.6591928251121076,0.75,rbf2
9,LogR,10,0.6555601832569763,0.5329409911588989,0.6954384307742382,0.5719048444079402,0.5609756097560976,0.40181848796939956,0.4155383130353716,0.4000708221722665,478,398,448,528,508,0.3855421686746988,0.0,0.2127659574468085,0.7107843137254902,0.7,rbf2
0,LogR,1,0.858571131014372,0.7925671037450122,0.8566169494495997,0.819170739106473,0.7134831460674157,0.5917082638377524,0.6368940506166461,0.6072696264965681,554,507,503,583,558,0.5531914893617021,0.3333333333333333,0.37254901960784315,0.7988826815642458,0.9005847953216374,sigmoid1
1,LogR,2,0.8494063736721517,0.7832741789595783,0.8509004120184036,0.8109245812003467,0.7303370786516854,0.6139923555645928,0.6839421804992865,0.6361508959725892,541,507,499,585,549,0.6699029126213593,0.2972972972972973,0.43478260869565216,0.8176795580110497,0.8502994011976048,sigmoid1
2,LogR,3,0.8504478233701313,0.7812974042262594,0.8542988410187314,0.8105821301820899,0.6853932584269663,0.5653455998199126,0.601881720996128,0.5783838998183194,539,506,521,580,547,0.5346534653465347,0.24324324324324326,0.425531914893617,0.7821229050279329,0.8411764705882353,sigmoid1
3,LogR,4,0.8575296813163924,0.7912833128947396,0.8604704500880777,0.8197487639922713,0.7172284644194756,0.6129573934837091,0.6461777408657483,0.6246952744355095,551,499,502,581,539,0.6352941176470588,0.30952380952380953,0.47058823529411764,0.7941176470588235,0.8552631578947368,sigmoid1
4,LogR,5,0.8548219121016455,0.7886822451137278,0.8587936989769995,0.8170601296548451,0.700374531835206,0.5586024005669236,0.6050094340876174,0.5711104520427279,548,512,498,575,534,0.5625,0.25,0.3333333333333333,0.7981220657276995,0.8490566037735849,sigmoid1
5,LogR,6,0.853186172428155,0.791243771494681,0.8589670256743028,0.8190625955556557,0.7279549718574109,0.5973459847729093,0.6166086831806913,0.6024106644527176,558,515,491,582,547,0.6705882352941176,0.3103448275862069,0.36363636363636365,0.7208121827411168,0.9213483146067416,sigmoid1
6,LogR,7,0.855893377759267,0.7845331971546062,0.8560317054045935,0.813433027384446,0.6829268292682927,0.5615209965842877,0.6064164970273567,0.5713335063776682,538,516,518,579,545,0.5666666666666667,0.325,0.26785714285714285,0.7936507936507936,0.8544303797468354,sigmoid1
7,LogR,8,0.8554768846314036,0.7916396707935235,0.8590711856385334,0.8192740643280392,0.6923076923076923,0.5792064017699244,0.654441879499929,0.5945621102356545,561,495,504,579,542,0.673469387755102,0.2222222222222222,0.38,0.7540983606557377,0.8662420382165605,sigmoid1
8,LogR,9,0.8473552686380674,0.7792760945223763,0.8498153489832918,0.8074111722711388,0.7373358348968105,0.6152509356350518,0.618104253649967,0.615820959665514,551,514,509,557,545,0.5714285714285714,0.34285714285714286,0.47368421052631576,0.7757847533632287,0.9125,sigmoid1
9,LogR,10,0.8515201999167014,0.7862585911313351,0.8524478490227555,0.8135535102199395,0.701688555347092,0.5721759600257196,0.6170716717054703,0.5844280500522017,555,491,492,570,551,0.6385542168674698,0.28205128205128205,0.2978723404255319,0.7549019607843137,0.8875,sigmoid1
0,LogR,1,0.666527806706936,0.553158524500078,0.704910119088065,0.5940068943905121,0.5393258426966292,0.3867411507251295,0.42104333173463465,0.3834300557315685,464,369,401,519,518,0.30851063829787234,0.07692307692307693,0.11764705882352941,0.6703910614525139,0.7602339181286549,sigmoid2
1,LogR,2,0.6677775463445116,0.5557713738354801,0.7184679726052914,0.5991160920307058,0.5449438202247191,0.396733916057888,0.44725486168586776,0.39819032486472206,475,377,411,518,515,0.32038834951456313,0.16216216216216217,0.06521739130434782,0.6574585635359116,0.7784431137724551,sigmoid2
2,LogR,3,0.669235575921683,0.5520961512654111,0.7076699258829308,0.5929957914418116,0.5093632958801498,0.38838690004368576,0.4510353387687225,0.3973900195060643,468,371,406,521,523,0.25742574257425743,0.1891891891891892,0.1702127659574468,0.6368715083798883,0.6882352941176471,sigmoid2
3,LogR,4,0.666527806706936,0.5499291163911806,0.7098810735756359,0.5907549112457119,0.5393258426966292,0.425297803331859,0.511932731587463,0.442815534676264,462,360,410,509,513,0.3176470588235294,0.21428571428571427,0.23529411764705882,0.6421568627450981,0.7171052631578947,sigmoid2
4,LogR,5,0.671735055196834,0.5622151285926531,0.7123435754662705,0.6033343229348692,0.548689138576779,0.3789563481518039,0.46625223924494,0.3870828713986179,462,378,409,508,514,0.2375,0.125,0.11904761904761904,0.7276995305164319,0.6855345911949685,sigmoid2
5,LogR,6,0.6640982923781757,0.5501772480298834,0.7047556323933211,0.5904493836257044,0.5309568480300187,0.37691819537603016,0.43129268577773877,0.38707791057895324,471,373,387,527,506,0.21176470588235294,0.13793103448275862,0.18181818181818182,0.6395939086294417,0.7134831460674157,sigmoid2
6,LogR,7,0.6686797167846731,0.5514372282033493,0.7169721476699669,0.5932789943045494,0.5065666041275797,0.39391433929408615,0.4690071305617458,0.4076110437799946,470,377,409,518,513,0.24444444444444444,0.25,0.16071428571428573,0.6878306878306878,0.6265822784810127,sigmoid2
7,LogR,8,0.6678467305289463,0.5529560536822153,0.7088290821269521,0.5942501427678191,0.4971857410881801,0.3787293461256975,0.4334935355039599,0.38465132192244694,465,376,410,518,518,0.3163265306122449,0.15555555555555556,0.12,0.639344262295082,0.6624203821656051,sigmoid2
8,LogR,9,0.665347771761766,0.5544862999742627,0.7060962511158533,0.594508037306559,0.5365853658536586,0.3865444989869701,0.4304082012336197,0.3940073728678463,467,383,404,516,525,0.23376623376623376,0.08571428571428572,0.2631578947368421,0.6188340807174888,0.73125,sigmoid2
9,LogR,10,0.6626405664306539,0.5508827714544335,0.7148298366579525,0.5936962959273407,0.5534709193245778,0.40872426791985494,0.44826468610317693,0.4139451699503409,463,368,407,534,497,0.3493975903614458,0.05128205128205128,0.2553191489361702,0.6813725490196079,0.70625,sigmoid2
0,LogR,1,0.9366798583628411,0.8932808817465514,0.9394154301776195,0.9133470259926881,0.8764044943820225,0.7885285405350364,0.8571172654971306,0.8125079370445178,305,273,250,355,237,0.7978723404255319,0.5128205128205128,0.7058823529411765,0.9553072625698324,0.9707602339181286,mean
1,LogR,2,0.9335555092689023,0.8886111021430818,0.9348764903811266,0.9087159116967058,0.8670411985018727,0.7687434968053257,0.8242726375288113,0.7892149547243706,304,272,270,358,252,0.8446601941747572,0.43243243243243246,0.6739130434782609,0.9226519337016574,0.9700598802395209,mean
2,LogR,3,0.9354301187252656,0.8926443653157907,0.9348099300565952,0.9110401721349992,0.8689138576779026,0.7904849767127113,0.827649402114111,0.8033104458481202,297,272,263,353,236,0.8415841584158416,0.4594594594594595,0.7872340425531915,0.8994413407821229,0.9647058823529412,mean
3,LogR,4,0.9348052489064779,0.8917334442815046,0.9342492424111069,0.9107086664168185,0.850187265917603,0.7508182220256523,0.8232318465752313,0.7766332798282208,303,271,273,348,230,0.8235294117647058,0.40476190476190477,0.6470588235294118,0.9313725490196079,0.9473684210526315,mean
4,LogR,5,0.93418037908769,0.8900522778887122,0.9345205787137469,0.9093936170905934,0.8895131086142322,0.8162234729129494,0.8443863140314642,0.8280166892628765,305,287,265,360,237,0.8125,0.65,0.7142857142857143,0.9483568075117371,0.9559748427672956,mean
5,LogR,6,0.9358600583090378,0.8947612981198022,0.9371494344399082,0.9134978502257651,0.9099437148217636,0.834414308261719,0.8623302916135607,0.8469948085157059,305,272,271,367,229,0.9176470588235294,0.6206896551724138,0.7272727272727273,0.9289340101522843,0.9775280898876404,mean
6,LogR,7,0.9389837567680134,0.897029867019754,0.9384451636055408,0.9152157742740051,0.8555347091932458,0.7673906637197777,0.8309291688591882,0.7923253189061363,295,268,258,362,228,0.7666666666666667,0.575,0.5892857142857143,0.9629629629629629,0.9430379746835443,mean
7,LogR,8,0.9341940857975843,0.8898248411084697,0.9359882150929499,0.909966753036823,0.8667917448405253,0.8018713665132615,0.8408906860616587,0.8172032260348887,292,271,275,358,235,0.8367346938775511,0.5555555555555556,0.74,0.8961748633879781,0.9808917197452229,mean
8,LogR,9,0.9354435651811746,0.8923445320167985,0.9357631277984224,0.9110915577515974,0.8761726078799249,0.7799478504148671,0.8676836265434591,0.8118057213340689,301,284,264,359,233,0.8051948051948052,0.5142857142857142,0.6842105263157895,0.9147982062780269,0.98125,mean
9,LogR,10,0.9339858392336526,0.889295659130315,0.9333417155502,0.9084005314499359,0.8818011257035647,0.8071829142892935,0.8678028839800348,0.828190962463793,308,278,271,361,235,0.8313253012048193,0.48717948717948717,0.8297872340425532,0.9313725490196079,0.95625,mean
0,LogR,1,0.9989585503020204,0.9976377139788765,0.9994375703037119,0.9985343422673149,0.8164794007490637,0.7129336665239931,0.7594258981676829,0.7305966695834683,927,828,843,1261,772,0.6595744680851063,0.48717948717948717,0.5490196078431373,0.9273743016759777,0.9415204678362573,iDCT
1,LogR,2,0.9987502603624245,0.9976247890327787,0.9993247045582443,0.9984711662480958,0.8146067415730337,0.6781682379808383,0.7455652161679257,0.699635893252192,934,837,791,1289,771,0.7184466019417476,0.35135135135135137,0.43478260869565216,0.9281767955801105,0.9580838323353293,iDCT
2,LogR,3,0.9981253905436367,0.9952274736484188,0.998989898989899,0.9970924403328432,0.8164794007490637,0.7196658877116755,0.7394879227053139,0.7282051117034303,965,846,855,1237,752,0.8316831683168316,0.5135135135135135,0.46808510638297873,0.8379888268156425,0.9470588235294117,iDCT
3,LogR,4,0.9993751301812123,0.9986918212291099,0.9996573386636207,0.9991736439210808,0.8071161048689138,0.7087173816895179,0.7512023746234272,0.7241855232228078,935,830,829,1249,749,0.8,0.42857142857142855,0.5098039215686274,0.8578431372549019,0.9473684210526315,iDCT
4,LogR,5,0.9987502603624245,0.9975227113194405,0.9993123209169055,0.9984140366527171,0.8239700374531835,0.6786514685597863,0.7500455089837241,0.7034065753087493,969,787,855,1223,773,0.775,0.35,0.40476190476190477,0.9389671361502347,0.9245283018867925,iDCT
5,LogR,6,0.9985422740524781,0.9969863446001297,0.999205448354143,0.9980903054824479,0.8348968105065666,0.6934628450537343,0.7364125013563216,0.7110484998869728,963,815,857,1230,771,0.7529411764705882,0.41379310344827586,0.4318181818181818,0.9137055837563451,0.9550561797752809,iDCT
6,LogR,7,0.9983340274885465,0.9966572272754906,0.9990965556182948,0.9978705373869857,0.8142589118198874,0.7017942535664055,0.7607284382284383,0.7220600818756047,945,804,861,1235,761,0.8,0.4,0.4642857142857143,0.9206349206349206,0.9240506329113924,iDCT
7,LogR,8,0.9983340274885465,0.9970990101562143,0.999099606077659,0.998094587250355,0.7917448405253283,0.6863371953354799,0.7379957926945878,0.7042600488700832,978,823,836,1278,776,0.7346938775510204,0.4,0.48,0.8743169398907104,0.9426751592356688,iDCT
8,LogR,9,0.9987505206164098,0.9974349627664603,0.999308357348703,0.9983669657274185,0.8424015009380863,0.7348466125566667,0.7495591604841525,0.7413924964118757,978,805,843,1283,777,0.7922077922077922,0.5142857142857142,0.5263157894736842,0.8789237668161435,0.9625,iDCT
9,LogR,10,0.9987505206164098,0.9971794421364187,0.9993158494868872,0.9982427888349708,0.8273921200750469,0.7244441388351133,0.7543456253670449,0.7373883121479891,929,772,850,1221,759,0.7590361445783133,0.41025641025641024,0.6170212765957447,0.8921568627450981,0.94375,iDCT
0,LogR,1,0.8548219121016455,0.7908337929233069,0.8534013563216531,0.816972186580762,0.6947565543071161,0.5822462384632681,0.6158838383838384,0.5942362912384281,557,513,527,575,558,0.5,0.358974358974359,0.39215686274509803,0.7653631284916201,0.8947368421052632,rbf1
1,LogR,2,0.8496146636117475,0.7833276621319589,0.8478854872438999,0.810014257749018,0.7153558052434457,0.5914500415646653,0.6631467154777502,0.611166856046046,558,512,507,590,551,0.6504854368932039,0.24324324324324326,0.41304347826086957,0.8121546961325967,0.8383233532934131,rbf1
2,LogR,3,0.8456571547594252,0.7765587486091539,0.8438429687700548,0.8040507761324098,0.6872659176029963,0.5647707645613596,0.596760215746798,0.5763264879662812,562,494,517,580,556,0.5346534653465347,0.2702702702702703,0.3829787234042553,0.7653631284916201,0.8705882352941177,rbf1
3,LogR,4,0.8508644032493231,0.7858206759193092,0.8535107380409699,0.8135382644875196,0.704119850187266,0.6100457024915229,0.6373435185028702,0.6201302229179988,558,503,513,581,552,0.6352941176470588,0.35714285714285715,0.45098039215686275,0.7647058823529411,0.8421052631578947,rbf1
4,LogR,5,0.8527390127056863,0.7879261719170454,0.8512695503119927,0.8139875375581387,0.7191011235955056,0.57794670538957,0.6163023109314669,0.5897415835520331,566,510,510,593,548,0.5625,0.325,0.30952380952380953,0.812206572769953,0.8805031446540881,rbf1
5,LogR,6,0.8458975426905456,0.7835092752124264,0.8458930135458569,0.8093546288202415,0.7392120075046904,0.5981473112439304,0.6229465292758511,0.6051542545987559,553,514,514,584,554,0.7058823529411765,0.27586206896551724,0.3409090909090909,0.7411167512690355,0.9269662921348315,rbf1
6,LogR,7,0.8521449396084965,0.7855701783816749,0.8496992622639222,0.8121374379958027,0.7054409005628518,0.5924429040251825,0.6447898278171735,0.6056725972970398,552,501,504,581,549,0.5777777777777777,0.4,0.30357142857142855,0.8201058201058201,0.8607594936708861,rbf1
7,LogR,8,0.8567263640149938,0.7929992652039841,0.8595340062200121,0.8206266595188094,0.6885553470919324,0.5809432888744931,0.6532344586526327,0.5995456184343012,547,508,510,584,546,0.6122448979591837,0.26666666666666666,0.4,0.7595628415300546,0.8662420382165605,rbf1
8,LogR,9,0.844231570179092,0.7810188751047586,0.8423809987478059,0.8063511406750257,0.7410881801125704,0.6269153736869691,0.6342656727607998,0.6300529895994913,556,511,519,580,548,0.4935064935064935,0.4857142857142857,0.4473684210526316,0.7892376681614349,0.91875,rbf1
9,LogR,10,0.844231570179092,0.7791836390292032,0.8432568695050376,0.8057237412484326,0.6904315196998124,0.5611729994977503,0.5937496027921643,0.5681817018081431,566,497,508,581,535,0.6506024096385542,0.28205128205128205,0.2553191489361702,0.7303921568627451,0.8875,rbf1
0,LogR,1,0.9287648406581962,0.8939525971733158,0.9386846423110603,0.9140571281274067,0.7209737827715356,0.610850243884075,0.6372529280402499,0.6186501187890029,807,660,695,953,751,0.5851063829787234,0.46153846153846156,0.3137254901960784,0.7932960893854749,0.9005847953216374,pca1-2
1,LogR,2,0.93418037908769,0.9041757084121151,0.9434319362736743,0.9220958927509939,0.7415730337078652,0.6197252380341817,0.66837047783677,0.6368798108617192,822,666,728,950,752,0.6407766990291263,0.32432432432432434,0.41304347826086957,0.8342541436464088,0.8862275449101796,pca1-2
2,LogR,3,0.9327223495105187,0.9025463810301686,0.9416350524673126,0.9204397064130733,0.7172284644194756,0.6015941681174807,0.6674945710761826,0.6198448694965197,806,654,707,963,750,0.5346534653465347,0.2702702702702703,0.5106382978723404,0.8100558659217877,0.8823529411764706,pca1-2
3,LogR,4,0.9345969589668819,0.9038776200017503,0.9418588475496993,0.9211519839904566,0.7134831460674157,0.6085286746277457,0.6422470398871077,0.6219972535652853,828,649,706,962,745,0.5882352941176471,0.35714285714285715,0.43137254901960786,0.7843137254901961,0.881578947368421,pca1-2
4,LogR,5,0.9327223495105187,0.9012175013248083,0.9424628307148619,0.9199218040795566,0.7359550561797753,0.5903642294015666,0.6475446388686807,0.6082831103454824,804,657,706,950,723,0.5375,0.3,0.38095238095238093,0.8591549295774648,0.8742138364779874,pca1-2
5,LogR,6,0.931695127030404,0.9003950022533009,0.9389980549467568,0.9179659380398564,0.726078799249531,0.5738074844854874,0.6003473233890235,0.5829864365767012,829,629,721,949,744,0.611764705882353,0.2413793103448276,0.3409090909090909,0.7817258883248731,0.8932584269662921,pca1-2
6,LogR,7,0.9354435651811746,0.9038521626770214,0.9455045520409338,0.9227374351545541,0.7204502814258912,0.6083544303797469,0.6509958072676991,0.6226779110157825,826,669,714,938,757,0.6444444444444445,0.375,0.3392857142857143,0.8412698412698413,0.8417721518987342,pca1-2
7,LogR,8,0.9354435651811746,0.907743041336718,0.9450906644376792,0.9249421349070003,0.6960600375234521,0.5749138906824433,0.6345323470690264,0.5867610066592819,804,645,687,950,752,0.6224489795918368,0.24444444444444444,0.34,0.7759562841530054,0.89171974522293,pca1-2
8,LogR,9,0.9308621407746772,0.8971335926481153,0.9376965391523294,0.9153636310880382,0.7410881801125704,0.6247238152454107,0.6249555475695692,0.6244223492125275,812,661,710,930,750,0.5584415584415584,0.42857142857142855,0.4473684210526316,0.7892376681614349,0.9,pca1-2
9,LogR,10,0.9325281132861308,0.9009456488471308,0.9382583421599463,0.9180774815960122,0.7298311444652908,0.5798045740292449,0.6123968178117588,0.586535116123245,801,654,713,952,760,0.6746987951807228,0.20512820512820512,0.2978723404255319,0.8088235294117647,0.9125,pca1-2
0,LogR,1,0.6790252030826911,0.5603446991996988,0.7140762437633724,0.6013308078179782,0.548689138576779,0.4110492011052436,0.471522588136318,0.417838138305648,461,362,398,511,482,0.35106382978723405,0.15384615384615385,0.13725490196078433,0.6703910614525139,0.7426900584795322,pca2
1,LogR,2,0.674234534471985,0.5555982383984824,0.7189090871909023,0.5984743387675018,0.550561797752809,0.38801984858480715,0.4382596115153038,0.3842770652630539,471,359,406,510,496,0.32038834951456313,0.10810810810810811,0.043478260869565216,0.7016574585635359,0.7664670658682635,pca2
2,LogR,3,0.6808998125390544,0.5607104776173755,0.7203109666580518,0.602681197561709,0.5318352059925093,0.39931709230235424,0.4618928433054741,0.4080021690064822,467,373,410,507,496,0.25742574257425743,0.13513513513513514,0.2127659574468085,0.7206703910614525,0.6705882352941176,pca2
3,LogR,4,0.6746511143511769,0.5523974857185264,0.7172625238945719,0.5936485654320621,0.5337078651685393,0.4151289989680082,0.5116310168752725,0.4318936781097119,469,351,411,510,504,0.3176470588235294,0.16666666666666666,0.23529411764705882,0.6323529411764706,0.7236842105263158,pca2
4,LogR,5,0.6771505936263279,0.562895211270089,0.725641132876852,0.605787463953012,0.5636704119850188,0.38551140174379606,0.45744696152963354,0.3926534059507457,460,356,408,510,491,0.2375,0.125,0.11904761904761904,0.7793427230046949,0.6666666666666666,pca2
5,LogR,6,0.6784673052894628,0.5621034341955919,0.7247774101049808,0.6043918833105939,0.5534709193245778,0.38140164487799877,0.44081010369743323,0.3888377494318792,467,366,410,518,495,0.25882352941176473,0.10344827586206896,0.13636363636363635,0.700507614213198,0.7078651685393258,pca2
6,LogR,7,0.6836734693877551,0.560893553134045,0.7268957959672685,0.6025487619890603,0.5084427767354597,0.3868813207420802,0.45669033982037827,0.39779047982829496,467,372,401,511,497,0.24444444444444444,0.2,0.16071428571428573,0.708994708994709,0.620253164556962,pca2
7,LogR,8,0.6807580174927114,0.5589460905312555,0.7188824412601896,0.6005299502800969,0.5159474671669794,0.3956578168074163,0.4585125189636468,0.4037896620473814,457,368,386,510,491,0.2755102040816326,0.2,0.14,0.6939890710382514,0.6687898089171974,pca2
8,LogR,9,0.6709704289879217,0.5559680676260438,0.7108623464370883,0.5962517924702255,0.5553470919324578,0.39894922283286693,0.47221277792379934,0.41267511367737175,452,362,399,507,508,0.2857142857142857,0.17142857142857143,0.15789473684210525,0.6547085201793722,0.725,pca2
9,LogR,10,0.6732611411911703,0.5531387563728625,0.7175276431611216,0.59492042611015,0.5684803001876173,0.4019343707747134,0.4204692508562318,0.39991936539420553,464,363,407,516,482,0.2891566265060241,0.0,0.2553191489361702,0.7401960784313726,0.725,pca2
